customer_id,order_date,order_amount
C0103,2025-05-13 13:17:44.794546,5.55
C0180,2025-06-15 13:17:44.794765,167.87
C0093,2025-04-13 13:17:44.794772,39.47
C0015,2025-03-14 13:17:44.794778,62.43
C0107,2025-02-02 13:17:44.794784,275.53
C0072,2025-06-07 13:17:44.794791,5.51
C0189,2025-06-11 13:17:44.794795,83.6
C0021,2025-06-18 13:17:44.794800,6.16
C0103,2025-03-28 13:17:44.794805,37.66
C0122,2025-03-09 13:17:44.794809,130.3
C0075,2025-06-25 13:17:44.794813,45.46
C0088,2024-10-23 13:17:44.794817,469.75
C0117,2025-06-23 13:17:44.794820,65.51
C0100,2025-04-18 13:17:44.794824,30.99
C0104,2025-03-08 13:17:44.794827,19.89
C0152,2024-12-25 13:17:44.794830,34.53
C0131,2025-03-07 13:17:44.794834,37.29
C0150,2025-02-02 13:17:44.794837,5.7
C0053,2025-05-21 13:17:44.794841,36.91
C0002,2025-01-27 13:17:44.794844,49.93
C0088,2025-06-20 13:17:44.794848,102.62
C0158,2024-12-07 13:17:44.794851,85.54
C0038,2025-04-17 13:17:44.794854,98.69
C0130,2025-01-26 13:17:44.794858,1.0
C0192,2025-05-04 13:17:44.794861,19.64
C0188,2025-03-27 13:17:44.794864,86.7
C0021,2025-04-21 13:17:44.794868,52.93
C0161,2025-03-01 13:17:44.794871,1.0
C0058,2025-06-20 13:17:44.794874,130.57
C0022,2025-06-22 13:17:44.794878,118.56
C0089,2025-06-02 13:17:44.794881,63.6
C0049,2025-06-12 13:17:44.794883,5.5
C0059,2024-12-25 13:17:44.794887,116.37
C0170,2025-06-05 13:17:44.794890,70.11
C0188,2024-07-27 13:17:44.794894,121.85
C0015,2025-05-22 13:17:44.794899,111.46
C0190,2025-06-09 13:17:44.794902,129.96
C0190,2025-02-07 13:17:44.794905,58.39
C0175,2025-03-23 13:17:44.794909,12.1
C0190,2025-04-26 13:17:44.794912,88.97
C0051,2025-04-16 13:17:44.794915,77.51
C0108,2025-03-05 13:17:44.794918,108.46
C0055,2025-06-04 13:17:44.794922,14.89
C0064,2024-02-09 13:17:44.794925,17.35
C0131,2024-07-31 13:17:44.794928,176.88
C0051,2025-03-25 13:17:44.794931,110.9
C0135,2025-06-07 13:17:44.794935,191.08
C0021,2025-03-17 13:17:44.794938,113.74
C0073,2025-06-21 13:17:44.794941,72.74
C0167,2025-06-25 13:17:44.794944,84.94
C0018,2025-06-01 13:17:44.794947,175.95
C0132,2025-05-03 13:17:44.794951,69.17
C0089,2024-12-27 13:17:44.794954,80.06
C0060,2025-03-03 13:17:44.794957,13.61
C0014,2025-02-25 13:17:44.794960,51.38
C0009,2025-05-09 13:17:44.794964,100.81
C0090,2025-05-20 13:17:44.794967,25.28
C0053,2025-05-17 13:17:44.794970,18.08
C0130,2024-05-28 13:17:44.794973,30.13
C0084,2025-06-24 13:17:44.794976,22.11
C0092,2024-12-28 13:17:44.794980,19.36
C0111,2025-04-11 13:17:44.794983,44.25
C0188,2025-05-07 13:17:44.794986,190.74
C0199,2025-03-03 13:17:44.794989,56.59
C0172,2025-04-28 13:17:44.794992,16.65
C0008,2024-12-23 13:17:44.794996,6.41
C0175,2024-12-02 13:17:44.794999,95.3
C0035,2025-05-09 13:17:44.795013,38.6
C0081,2025-05-29 13:17:44.795017,138.0
C0164,2025-04-08 13:17:44.795021,86.19
C0050,2024-11-20 13:17:44.795024,127.27
C0104,2025-06-06 13:17:44.795027,25.39
C0132,2025-04-01 13:17:44.795031,94.31
C0002,2025-03-30 13:17:44.795034,24.53
C0134,2025-03-01 13:17:44.795037,223.84
C0054,2025-06-15 13:17:44.795040,80.93
C0106,2025-03-06 13:17:44.795043,31.39
C0004,2024-11-24 13:17:44.795048,25.12
C0054,2025-06-10 13:17:44.795052,16.95
C0191,2025-06-03 13:17:44.795055,94.9
C0146,2024-08-12 13:17:44.795058,19.75
C0044,2025-06-10 13:17:44.795062,72.37
C0162,2025-01-05 13:17:44.795065,24.59
C0190,2025-04-27 13:17:44.795069,86.77
C0014,2025-06-02 13:17:44.795072,134.97
C0095,2024-12-25 13:17:44.795076,120.42
C0048,2025-05-05 13:17:44.795079,114.45
C0015,2025-04-23 13:17:44.795082,16.63
C0200,2025-05-18 13:17:44.795085,7.4
C0190,2025-04-08 13:17:44.795089,96.04
C0040,2025-06-11 13:17:44.795092,36.75
C0082,2025-05-14 13:17:44.795102,45.3
C0111,2024-08-18 13:17:44.795107,2.53
C0053,2025-06-01 13:17:44.795113,24.04
C0024,2025-03-23 13:17:44.795119,2.74
C0154,2025-05-23 13:17:44.795123,169.08
C0188,2025-02-14 13:17:44.795128,22.31
C0124,2025-06-15 13:17:44.795134,65.2
C0041,2024-08-16 13:17:44.795139,3.18
C0157,2025-05-04 13:17:44.795144,87.93
C0015,2025-06-03 13:17:44.795148,31.21
C0045,2025-06-21 13:17:44.795151,182.56
C0065,2025-06-11 13:17:44.795154,175.22
C0089,2025-04-22 13:17:44.795157,31.48
C0071,2025-05-22 13:17:44.795161,184.98
C0009,2025-01-20 13:17:44.795164,444.93
C0088,2025-05-08 13:17:44.795167,139.63
C0129,2025-06-02 13:17:44.795170,149.08
C0136,2025-04-02 13:17:44.795173,22.91
C0063,2025-03-09 13:17:44.795177,68.77
C0139,2025-06-11 13:17:44.795180,5.57
C0081,2025-06-11 13:17:44.795183,7.98
C0136,2025-06-24 13:17:44.795186,500.0
C0163,2025-02-28 13:17:44.795198,31.64
C0163,2025-03-21 13:17:44.795202,110.32
C0033,2025-05-01 13:17:44.795205,131.47
C0123,2025-01-11 13:17:44.795208,156.17
C0005,2025-01-31 13:17:44.795211,483.53
C0041,2025-04-09 13:17:44.795215,22.11
C0028,2024-12-27 13:17:44.795218,3.3
C0135,2025-06-07 13:17:44.795221,42.37
C0072,2025-06-17 13:17:44.795225,11.15
C0012,2025-05-30 13:17:44.795228,1.81
C0162,2025-06-22 13:17:44.795231,35.76
C0033,2025-04-20 13:17:44.795234,122.5
C0048,2024-10-22 13:17:44.795238,66.81
C0151,2025-06-24 13:17:44.795241,30.01
C0062,2025-06-16 13:17:44.795244,84.98
C0037,2025-05-04 13:17:44.795248,21.12
C0099,2024-10-26 13:17:44.795252,1.16
C0172,2025-05-24 13:17:44.795255,115.63
C0104,2025-04-25 13:17:44.795259,78.2
C0035,2025-06-24 13:17:44.795262,114.94
C0193,2025-06-13 13:17:44.795265,3.18
C0101,2024-06-04 13:17:44.795268,145.18
C0175,2024-08-29 13:17:44.795272,77.31
C0131,2025-06-27 13:17:44.795275,66.3
C0001,2024-09-28 13:17:44.795279,78.38
C0005,2025-03-28 13:17:44.795282,159.86
C0142,2024-12-27 13:17:44.795286,70.73
C0103,2025-05-04 13:17:44.795289,69.58
C0027,2025-04-23 13:17:44.795292,374.04
C0137,2025-04-28 13:17:44.795295,113.09
C0015,2025-03-21 13:17:44.795299,46.71
C0090,2025-06-14 13:17:44.795302,98.32
C0042,2025-06-25 13:17:44.795305,39.44
C0124,2025-05-25 13:17:44.795308,20.79
C0179,2025-03-10 13:17:44.795311,72.68
C0063,2025-06-07 13:17:44.795315,210.69
C0096,2025-03-19 13:17:44.795318,211.76
C0052,2024-08-16 13:17:44.795322,33.47
C0096,2025-06-19 13:17:44.795326,60.01
C0132,2025-03-19 13:17:44.795329,19.02
C0151,2025-05-06 13:17:44.795332,434.66
C0143,2024-12-27 13:17:44.795335,317.56
C0171,2025-06-10 13:17:44.795338,83.87
C0029,2025-03-13 13:17:44.795341,130.54
C0036,2025-01-15 13:17:44.795345,100.45
C0013,2024-10-10 13:17:44.795348,71.95
C0160,2025-03-16 13:17:44.795351,4.39
C0071,2025-04-27 13:17:44.795354,48.52
C0187,2025-04-02 13:17:44.795358,89.86
C0086,2024-12-27 13:17:44.795361,90.54
C0028,2025-04-12 13:17:44.795365,37.36
C0066,2025-06-25 13:17:44.795371,227.36
C0170,2024-10-30 13:17:44.795376,14.65
C0045,2025-03-14 13:17:44.795381,55.51
C0062,2025-03-18 13:17:44.795386,93.92
C0185,2025-06-06 13:17:44.795390,95.56
C0134,2025-03-23 13:17:44.795394,83.68
C0028,2025-05-13 13:17:44.795397,25.76
C0028,2025-03-25 13:17:44.795400,13.59
C0108,2025-06-17 13:17:44.795403,80.83
C0044,2025-03-23 13:17:44.795410,73.16
C0084,2023-08-28 13:17:44.795413,15.81
C0030,2025-06-23 13:17:44.795417,97.7
C0190,2024-07-22 13:17:44.795420,48.58
C0075,2025-05-11 13:17:44.795423,88.15
C0128,2024-12-25 13:17:44.795426,145.3
C0092,2025-02-10 13:17:44.795430,14.88
C0190,2025-04-13 13:17:44.795433,1.55
C0129,2025-02-27 13:17:44.795436,120.8
C0121,2024-12-20 13:17:44.795439,75.27
C0027,2025-05-12 13:17:44.795443,96.22
C0190,2025-05-23 13:17:44.795446,145.69
C0121,2025-03-20 13:17:44.795449,129.89
C0116,2025-01-30 13:17:44.795453,259.37
C0003,2025-02-18 13:17:44.795456,61.42
C0103,2025-02-04 13:17:44.795470,53.63
C0198,2025-05-07 13:17:44.795474,41.12
C0200,2025-01-25 13:17:44.795477,13.35
C0155,2025-06-16 13:17:44.795480,68.0
C0137,2025-04-18 13:17:44.795484,25.95
C0062,2025-06-27 13:17:44.795487,203.38
C0165,2025-05-23 13:17:44.795492,70.01
C0051,2025-05-17 13:17:44.795497,71.88
C0172,2025-05-13 13:17:44.795502,35.07
C0152,2025-03-12 13:17:44.795507,4.27
C0059,2025-05-14 13:17:44.795512,2.58
C0118,2025-05-05 13:17:44.795516,44.04
C0160,2025-06-03 13:17:44.795519,7.07
C0096,2025-05-16 13:17:44.795528,74.68
C0180,2025-06-04 13:17:44.795533,170.27
C0113,2025-06-21 13:17:44.795538,171.59
C0062,2025-04-05 13:17:44.795543,86.08
C0186,2025-03-20 13:17:44.795548,18.98
C0052,2025-04-02 13:17:44.795553,159.02
C0012,2025-05-02 13:17:44.795558,173.79
C0039,2025-05-16 13:17:44.795561,17.52
C0130,2024-12-30 13:17:44.795564,106.98
C0131,2025-04-23 13:17:44.795567,27.01
C0113,2025-04-30 13:17:44.795570,129.82
C0101,2025-06-25 13:17:44.795573,471.34
C0113,2025-05-21 13:17:44.795577,2.44
C0184,2025-05-15 13:17:44.795580,182.13
C0081,2025-05-13 13:17:44.795583,77.96
C0187,2025-04-10 13:17:44.795586,290.1
C0113,2025-04-20 13:17:44.795589,50.04
C0002,2025-04-04 13:17:44.795593,150.39
C0130,2025-02-17 13:17:44.795596,5.15
C0054,2025-01-28 13:17:44.795599,32.67
C0087,2025-03-06 13:17:44.795602,5.55
C0129,2024-09-20 13:17:44.795605,296.22
C0147,2025-06-26 13:17:44.795609,135.85
C0126,2025-06-08 13:17:44.795612,153.14
C0130,2025-06-27 13:17:44.795616,222.4
C0053,2025-03-26 13:17:44.795619,7.12
C0172,2024-12-04 13:17:44.795622,38.97
C0160,2025-06-02 13:17:44.795626,5.89
C0198,2024-11-04 13:17:44.795629,18.94
C0160,2025-06-22 13:17:44.795632,20.84
C0068,2024-10-25 13:17:44.795635,50.66
C0183,2025-05-20 13:17:44.795639,25.02
C0184,2025-06-18 13:17:44.795643,8.52
C0123,2025-04-29 13:17:44.795646,14.66
C0145,2025-06-01 13:17:44.795650,12.75
C0038,2025-05-28 13:17:44.795653,289.18
C0024,2025-05-25 13:17:44.795657,113.93
C0069,2025-02-01 13:17:44.795660,274.77
C0116,2025-04-19 13:17:44.795663,46.35
C0098,2025-05-25 13:17:44.795667,26.1
C0198,2025-04-04 13:17:44.795670,128.08
C0139,2025-03-06 13:17:44.795674,31.59
C0144,2025-05-30 13:17:44.795677,28.46
C0097,2025-05-10 13:17:44.795680,21.17
C0124,2025-06-16 13:17:44.795684,11.11
C0187,2025-06-10 13:17:44.795687,23.71
C0070,2025-03-17 13:17:44.795690,35.12
C0093,2025-06-09 13:17:44.795693,89.67
C0003,2025-04-21 13:17:44.795696,5.17
C0148,2025-03-08 13:17:44.795709,18.91
C0187,2025-06-17 13:17:44.795713,132.45
C0164,2025-04-13 13:17:44.795716,12.71
C0147,2025-06-01 13:17:44.795720,33.56
C0090,2024-09-04 13:17:44.795723,160.0
C0195,2025-04-29 13:17:44.795727,13.47
C0147,2025-01-31 13:17:44.795730,6.91
C0148,2025-04-17 13:17:44.795733,53.02
C0096,2025-06-24 13:17:44.795737,28.81
C0199,2025-03-29 13:17:44.795740,66.3
C0052,2024-09-28 13:17:44.795743,130.29
C0161,2025-04-06 13:17:44.795747,11.8
C0168,2025-01-25 13:17:44.795750,69.53
C0128,2024-12-15 13:17:44.795753,56.34
C0039,2025-06-04 13:17:44.795757,12.45
C0082,2025-06-06 13:17:44.795760,78.25
C0104,2025-04-04 13:17:44.795763,25.58
C0129,2025-05-11 13:17:44.795766,53.53
C0011,2025-01-14 13:17:44.795769,6.87
C0185,2024-12-02 13:17:44.795773,49.23
C0178,2025-05-19 13:17:44.795776,29.28
C0151,2025-06-03 13:17:44.795780,138.25
C0159,2025-02-11 13:17:44.795785,4.69
C0042,2025-05-30 13:17:44.795791,43.39
C0099,2025-01-23 13:17:44.795796,49.06
C0007,2025-05-09 13:17:44.795801,103.28
C0144,2025-03-20 13:17:44.795806,68.32
C0090,2025-06-18 13:17:44.795812,88.02
C0112,2025-03-31 13:17:44.795817,120.06
C0060,2025-05-04 13:17:44.795820,158.56
C0113,2025-04-09 13:17:44.795824,30.14
C0002,2025-06-11 13:17:44.795829,61.78
C0129,2025-02-27 13:17:44.795834,146.66
C0048,2024-12-31 13:17:44.795839,364.14
C0140,2025-06-06 13:17:44.795844,176.23
C0197,2025-06-18 13:17:44.795850,37.15
C0037,2025-06-25 13:17:44.795855,17.37
C0160,2025-03-27 13:17:44.795860,53.77
C0009,2025-04-04 13:17:44.795865,108.27
C0099,2025-04-17 13:17:44.795870,54.27
C0147,2025-06-04 13:17:44.795874,52.8
C0048,2025-05-14 13:17:44.795877,145.73
C0131,2025-04-07 13:17:44.795880,35.88
C0148,2025-04-27 13:17:44.795883,157.17
C0152,2024-05-27 13:17:44.795886,41.78
C0054,2025-06-14 13:17:44.795890,31.83
C0120,2025-03-13 13:17:44.795893,48.41
C0161,2025-05-12 13:17:44.795896,114.99
C0152,2025-05-08 13:17:44.795900,10.77
C0116,2025-03-06 13:17:44.795903,17.49
C0075,2025-03-13 13:17:44.795906,242.0
C0113,2024-04-27 13:17:44.795910,15.44
C0200,2025-06-15 13:17:44.795913,67.1
C0164,2025-06-18 13:17:44.795916,69.27
C0166,2025-03-04 13:17:44.795919,53.81
C0104,2025-04-11 13:17:44.795923,82.79
C0084,2025-05-30 13:17:44.795926,20.89
C0112,2025-06-20 13:17:44.795929,64.36
C0099,2025-06-19 13:17:44.795932,37.24
C0153,2024-12-07 13:17:44.795936,86.7
C0093,2025-06-08 13:17:44.795939,12.18
C0146,2025-05-23 13:17:44.795943,67.68
C0128,2025-06-04 13:17:44.795946,16.39
C0110,2025-05-19 13:17:44.795949,26.13
C0082,2025-06-21 13:17:44.795952,19.74
C0194,2025-04-23 13:17:44.795955,16.15
C0054,2025-06-21 13:17:44.795959,139.76
C0163,2025-02-02 13:17:44.795962,26.92
C0189,2025-06-04 13:17:44.795965,209.52
C0169,2025-04-19 13:17:44.795969,280.33
C0161,2024-12-19 13:17:44.795972,67.75
C0068,2025-03-25 13:17:44.795975,12.35
C0033,2025-04-20 13:17:44.795978,37.54
C0142,2025-05-23 13:17:44.795982,127.85
C0021,2025-05-22 13:17:44.795985,36.63
C0048,2025-03-20 13:17:44.795988,7.28
C0148,2024-03-22 13:17:44.795991,65.1
C0128,2025-03-22 13:17:44.795995,149.21
C0136,2025-04-15 13:17:44.795998,127.14
C0135,2025-03-01 13:17:44.796001,15.4
C0195,2025-05-02 13:17:44.796004,89.37
C0145,2025-06-22 13:17:44.796007,19.93
C0128,2025-04-14 13:17:44.796010,19.69
C0033,2024-09-16 13:17:44.796014,165.76
C0176,2025-06-10 13:17:44.796017,22.98
C0187,2025-03-14 13:17:44.796021,24.44
C0115,2025-06-07 13:17:44.796024,1.0
C0119,2025-04-19 13:17:44.796027,163.63
C0022,2025-06-18 13:17:44.796030,125.85
C0158,2025-05-05 13:17:44.796033,78.96
C0038,2025-02-20 13:17:44.796036,110.99
C0109,2025-05-20 13:17:44.796040,13.19
C0051,2025-03-21 13:17:44.796043,49.05
C0182,2025-02-05 13:17:44.796046,34.61
C0008,2024-11-04 13:17:44.796049,7.88
C0027,2025-06-03 13:17:44.796052,53.26
C0027,2025-05-13 13:17:44.796056,202.8
C0021,2025-06-13 13:17:44.796059,3.27
C0030,2024-04-13 13:17:44.796062,27.56
C0097,2024-11-04 13:17:44.796065,18.61
C0028,2025-04-19 13:17:44.796068,21.76
C0111,2025-01-12 13:17:44.796072,191.26
C0192,2025-04-22 13:17:44.796075,50.5
C0197,2025-04-01 13:17:44.796079,50.23
C0061,2025-06-19 13:17:44.796082,114.36
C0048,2025-02-21 13:17:44.796085,13.43
C0147,2025-06-15 13:17:44.796088,53.44
C0004,2025-01-21 13:17:44.796092,44.97
C0035,2025-02-10 13:17:44.796095,72.69
C0192,2025-03-08 13:17:44.796098,500.0
C0049,2025-06-24 13:17:44.796101,117.38
C0017,2025-05-26 13:17:44.796104,40.58
C0172,2025-05-31 13:17:44.796108,140.61
C0158,2025-05-18 13:17:44.796113,14.97
C0046,2025-06-19 13:17:44.796118,2.47
C0117,2024-10-22 13:17:44.796123,18.3
C0006,2025-04-16 13:17:44.796128,33.29
C0099,2025-05-26 13:17:44.796134,57.16
C0124,2025-05-13 13:17:44.796139,76.39
C0037,2025-05-05 13:17:44.796144,193.18
C0024,2025-04-06 13:17:44.796148,57.04
C0093,2025-04-23 13:17:44.796151,55.66
C0046,2024-11-13 13:17:44.796154,4.12
C0181,2025-04-27 13:17:44.796157,2.84
C0095,2024-04-17 13:17:44.796161,64.09
C0099,2025-01-07 13:17:44.796167,46.13
C0188,2025-06-06 13:17:44.796172,146.2
C0116,2024-10-30 13:17:44.796177,14.01
C0191,2025-06-16 13:17:44.796182,2.02
C0160,2025-01-25 13:17:44.796187,47.69
C0161,2025-05-15 13:17:44.796192,21.69
C0067,2024-12-20 13:17:44.796197,4.07
C0128,2024-12-27 13:17:44.796203,103.16
C0018,2025-01-31 13:17:44.796208,9.47
C0025,2025-02-07 13:17:44.796211,74.98
C0054,2025-05-26 13:17:44.796215,26.4
C0058,2025-06-20 13:17:44.796218,15.24
C0067,2025-05-12 13:17:44.796221,38.21
C0104,2025-06-10 13:17:44.796224,129.34
C0174,2025-03-13 13:17:44.796227,39.82
C0024,2025-05-20 13:17:44.796230,111.15
C0114,2024-07-28 13:17:44.796234,10.73
C0032,2025-03-27 13:17:44.796237,118.54
C0175,2025-01-23 13:17:44.796242,21.63
C0086,2025-06-15 13:17:44.796247,90.51
C0151,2024-12-31 13:17:44.796252,66.74
C0194,2024-11-09 13:17:44.796257,211.77
C0127,2025-04-28 13:17:44.796263,39.19
C0155,2025-04-05 13:17:44.796266,5.48
C0130,2025-02-17 13:17:44.796269,1.55
C0017,2025-06-10 13:17:44.796272,140.29
C0104,2025-04-26 13:17:44.796278,59.51
C0161,2025-05-13 13:17:44.796281,119.42
C0137,2025-06-13 13:17:44.796284,21.37
C0043,2025-05-17 13:17:44.796287,33.86
C0176,2025-06-21 13:17:44.796290,2.45
C0039,2025-06-25 13:17:44.796293,260.55
C0170,2025-06-14 13:17:44.796296,88.18
C0026,2024-09-04 13:17:44.796299,216.49
C0099,2025-04-17 13:17:44.796303,24.68
C0050,2024-08-28 13:17:44.796306,75.63
C0153,2025-05-08 13:17:44.796309,90.78
C0152,2025-05-25 13:17:44.796312,30.57
C0013,2025-04-25 13:17:44.796316,150.77
C0060,2025-05-06 13:17:44.796319,235.24
C0135,2025-06-17 13:17:44.796322,172.93
C0057,2025-03-27 13:17:44.796325,107.48
C0036,2025-06-06 13:17:44.796328,26.0
C0173,2025-04-02 13:17:44.796331,26.46
C0020,2025-03-25 13:17:44.796334,264.53
C0065,2025-06-13 13:17:44.796337,1.0
C0008,2025-06-22 13:17:44.796340,100.72
C0144,2025-02-11 13:17:44.796344,98.0
C0142,2025-05-03 13:17:44.796347,77.97
C0115,2025-06-22 13:17:44.796350,369.29
C0143,2024-03-10 13:17:44.796353,29.9
C0092,2025-06-22 13:17:44.796356,33.24
C0098,2025-03-13 13:17:44.796359,6.58
C0066,2024-06-22 13:17:44.796362,46.79
C0032,2025-06-03 13:17:44.796365,24.2
C0191,2025-06-14 13:17:44.796369,33.65
C0086,2025-06-16 13:17:44.796372,143.94
C0051,2025-05-26 13:17:44.796375,219.27
C0153,2025-06-18 13:17:44.796378,16.44
C0186,2025-03-13 13:17:44.796381,37.28
C0063,2025-06-22 13:17:44.796385,211.19
C0190,2025-04-24 13:17:44.796388,5.1
C0125,2024-01-30 13:17:44.796391,7.75
C0150,2025-01-27 13:17:44.796394,14.21
C0058,2025-04-03 13:17:44.796397,72.35
C0058,2025-05-26 13:17:44.796400,13.05
C0086,2025-03-31 13:17:44.796404,275.55
C0049,2025-04-21 13:17:44.796407,47.35
C0180,2025-05-09 13:17:44.796410,55.7
C0170,2025-06-15 13:17:44.796413,22.66
C0070,2024-12-14 13:17:44.796416,50.94
C0015,2025-05-05 13:17:44.796419,86.76
C0054,2025-06-08 13:17:44.796422,111.28
C0188,2025-05-17 13:17:44.796427,112.15
C0101,2025-05-10 13:17:44.796432,69.0
C0008,2025-01-20 13:17:44.796437,187.77
C0053,2025-02-28 13:17:44.796442,136.04
C0060,2025-02-16 13:17:44.796447,113.19
C0108,2025-06-27 13:17:44.796451,4.58
C0005,2025-05-10 13:17:44.796455,1.0
C0103,2025-04-29 13:17:44.796458,19.11
C0196,2025-06-26 13:17:44.796461,87.14
C0006,2025-05-31 13:17:44.796467,42.37
C0109,2025-02-19 13:17:44.796470,41.19
C0116,2025-06-14 13:17:44.796473,172.74
C0094,2025-04-20 13:17:44.796476,180.73
C0047,2025-06-06 13:17:44.796480,191.91
C0099,2025-06-26 13:17:44.796483,30.14
C0055,2025-06-03 13:17:44.796486,93.97
C0168,2024-07-27 13:17:44.796489,25.36
C0052,2025-02-02 13:17:44.796493,16.92
C0144,2024-09-12 13:17:44.796496,16.33
C0013,2025-04-28 13:17:44.796500,33.5
C0114,2025-06-17 13:17:44.796503,44.96
C0124,2025-04-17 13:17:44.796506,142.2
C0106,2025-05-04 13:17:44.796510,10.22
C0158,2025-01-11 13:17:44.796513,106.22
C0147,2025-06-18 13:17:44.796516,60.65
C0145,2025-04-28 13:17:44.796519,27.17
C0120,2025-06-13 13:17:44.796523,54.31
C0063,2025-05-23 13:17:44.796528,28.53
C0019,2025-02-27 13:17:44.796534,72.52
C0092,2025-04-30 13:17:44.796539,45.51
C0058,2025-05-16 13:17:44.796544,14.37
C0183,2025-05-13 13:17:44.796548,9.92
C0090,2025-05-03 13:17:44.796551,63.3
C0117,2025-02-09 13:17:44.796556,186.16
C0062,2024-12-09 13:17:44.796577,33.72
C0023,2024-09-21 13:17:44.796582,105.64
C0127,2025-02-08 13:17:44.796585,85.99
C0137,2025-05-24 13:17:44.796588,214.54
C0140,2025-03-15 13:17:44.796592,137.62
C0129,2025-05-07 13:17:44.796595,66.89
C0058,2025-06-01 13:17:44.796599,85.61
C0122,2025-01-13 13:17:44.796604,182.93
C0001,2025-06-24 13:17:44.796610,40.8
C0034,2024-12-01 13:17:44.796615,31.66
C0096,2025-05-03 13:17:44.796620,1.0
C0126,2025-03-28 13:17:44.796625,140.15
C0118,2025-03-23 13:17:44.796631,129.15
C0048,2024-12-07 13:17:44.796635,8.83
C0089,2025-03-28 13:17:44.796639,68.8
C0117,2025-04-03 13:17:44.796642,49.89
C0129,2025-06-21 13:17:44.796645,10.11
C0016,2025-04-23 13:17:44.796648,315.27
C0189,2025-06-13 13:17:44.796651,19.33
C0192,2025-02-27 13:17:44.796654,5.57
C0191,2025-04-24 13:17:44.796657,72.28
C0069,2025-03-17 13:17:44.796661,107.42
C0022,2025-06-24 13:17:44.796664,2.64
C0093,2025-06-20 13:17:44.796667,86.0
C0195,2025-03-06 13:17:44.796670,60.79
C0076,2025-06-21 13:17:44.796673,8.72
C0154,2025-06-21 13:17:44.796676,15.15
C0144,2025-06-26 13:17:44.796680,67.14
C0179,2024-09-18 13:17:44.796683,28.12
C0086,2025-02-27 13:17:44.796687,222.86
C0185,2025-05-19 13:17:44.796690,136.63
C0029,2025-05-27 13:17:44.796693,328.68
C0069,2025-05-20 13:17:44.796696,24.05
C0047,2025-02-13 13:17:44.796699,279.79
C0094,2025-03-22 13:17:44.796702,45.14
C0190,2025-06-09 13:17:44.796705,34.16
C0197,2025-06-10 13:17:44.796709,4.13
C0144,2025-06-18 13:17:44.796712,4.34
C0176,2025-03-22 13:17:44.796715,94.22
C0085,2025-02-17 13:17:44.796718,48.99
C0039,2025-05-31 13:17:44.796722,20.55
C0100,2025-06-26 13:17:44.796725,76.15
C0033,2025-06-20 13:17:44.796728,23.32
C0101,2024-08-22 13:17:44.796731,68.95
C0023,2025-05-27 13:17:44.796734,35.6
C0010,2025-02-16 13:17:44.796737,138.78
C0069,2025-03-31 13:17:44.796740,137.49
C0100,2025-05-15 13:17:44.796743,51.91
C0034,2025-06-07 13:17:44.796747,34.56
C0180,2025-06-16 13:17:44.796750,36.02
C0138,2025-04-03 13:17:44.796753,131.07
C0147,2025-02-13 13:17:44.796756,31.82
C0186,2025-03-27 13:17:44.796759,18.76
C0096,2025-04-20 13:17:44.796763,7.08
C0001,2025-06-24 13:17:44.796766,50.29
C0069,2024-08-20 13:17:44.796769,52.64
C0004,2025-02-03 13:17:44.796772,147.06
C0016,2025-05-27 13:17:44.796775,20.0
C0024,2024-07-11 13:17:44.796779,38.37
C0080,2025-04-06 13:17:44.796782,132.19
C0002,2025-04-10 13:17:44.796786,138.81
C0128,2025-02-23 13:17:44.796789,38.84
C0160,2025-01-28 13:17:44.796792,49.17
C0084,2025-03-23 13:17:44.796795,28.91
C0152,2025-06-15 13:17:44.796798,215.72
C0140,2025-05-21 13:17:44.796801,10.1
C0178,2024-11-03 13:17:44.796805,217.14
C0163,2025-06-05 13:17:44.796808,92.13
C0124,2025-05-17 13:17:44.796811,60.67
C0033,2025-05-08 13:17:44.796814,2.66
C0161,2025-05-06 13:17:44.796817,51.64
C0189,2025-04-03 13:17:44.796820,41.91
C0179,2024-10-13 13:17:44.796823,14.06
C0171,2025-06-03 13:17:44.796826,85.46
C0101,2025-06-16 13:17:44.796829,283.65
C0012,2025-06-08 13:17:44.796833,66.08
C0067,2024-12-13 13:17:44.796836,100.35
C0065,2025-03-26 13:17:44.796839,5.67
C0161,2025-05-28 13:17:44.796842,43.26
C0168,2025-01-26 13:17:44.796845,9.9
C0074,2025-01-01 13:17:44.796848,75.9
C0043,2025-01-10 13:17:44.796851,223.07
C0044,2024-11-13 13:17:44.796854,86.72
C0029,2025-06-01 13:17:44.796858,6.39
C0141,2025-02-21 13:17:44.796863,35.04
C0012,2025-05-03 13:17:44.796868,64.0
C0095,2025-01-12 13:17:44.796873,41.29
C0046,2025-03-02 13:17:44.796878,143.49
C0130,2025-02-13 13:17:44.796883,134.85
C0035,2025-03-23 13:17:44.796888,75.71
C0081,2025-06-10 13:17:44.796893,37.4
C0090,2025-04-18 13:17:44.796898,23.59
C0008,2024-06-16 13:17:44.796901,8.95
C0093,2024-10-21 13:17:44.796905,35.07
C0154,2025-06-24 13:17:44.796907,42.64
C0090,2025-06-11 13:17:44.796912,90.12
C0162,2025-06-15 13:17:44.796917,85.87
C0115,2025-03-03 13:17:44.796922,5.81
C0105,2025-01-25 13:17:44.796927,40.24
C0135,2025-06-06 13:17:44.796932,16.05
C0196,2025-04-25 13:17:44.796936,13.65
C0058,2025-01-13 13:17:44.796941,140.5
C0114,2025-03-01 13:17:44.796946,3.43
C0075,2025-04-18 13:17:44.796952,43.47
C0157,2025-04-08 13:17:44.796957,14.73
C0120,2025-04-25 13:17:44.796961,169.18
C0164,2025-05-27 13:17:44.796965,65.14
C0021,2025-04-14 13:17:44.796971,21.05
C0164,2025-03-14 13:17:44.796975,55.84
C0138,2024-12-24 13:17:44.796980,105.19
C0101,2025-03-28 13:17:44.796985,253.83
C0152,2025-02-19 13:17:44.796994,19.92
C0192,2025-06-12 13:17:44.797000,173.85
C0177,2025-05-03 13:17:44.797004,217.82
C0099,2025-06-27 13:17:44.797010,198.56
C0036,2025-06-02 13:17:44.797015,80.72
C0096,2025-03-03 13:17:44.797020,79.5
C0152,2024-04-21 13:17:44.797025,41.3
C0151,2025-06-18 13:17:44.797031,111.67
C0190,2025-05-12 13:17:44.797036,60.62
C0037,2025-02-03 13:17:44.797041,90.52
C0012,2025-06-07 13:17:44.797047,44.75
C0113,2025-04-16 13:17:44.797051,105.19
C0183,2025-03-01 13:17:44.797055,139.2
C0013,2025-04-02 13:17:44.797058,12.67
C0023,2025-06-09 13:17:44.797061,143.15
C0099,2025-05-19 13:17:44.797064,62.17
C0105,2025-02-10 13:17:44.797067,148.97
C0030,2025-04-16 13:17:44.797071,45.15
C0017,2025-06-27 13:17:44.797074,38.12
C0113,2025-02-19 13:17:44.797077,197.27
C0062,2025-06-24 13:17:44.797080,23.14
C0084,2025-02-24 13:17:44.797083,148.74
C0112,2025-06-07 13:17:44.797086,52.94
C0086,2024-09-15 13:17:44.797090,57.74
C0141,2025-05-17 13:17:44.797093,29.51
C0187,2025-05-23 13:17:44.797096,68.09
C0019,2025-06-13 13:17:44.797100,31.47
C0177,2025-05-26 13:17:44.797103,3.2
C0100,2024-12-21 13:17:44.797106,25.4
C0140,2024-02-09 13:17:44.797109,1.0
C0189,2025-05-17 13:17:44.797112,306.64
C0147,2025-05-05 13:17:44.797116,269.92
C0076,2025-03-04 13:17:44.797119,40.22
C0009,2024-12-14 13:17:44.797122,104.27
C0199,2025-04-08 13:17:44.797125,33.95
C0028,2025-05-14 13:17:44.797128,88.96
C0128,2025-05-11 13:17:44.797131,130.96
C0052,2025-03-12 13:17:44.797135,234.63
C0083,2025-06-27 13:17:44.797138,40.89
C0111,2025-04-02 13:17:44.797141,122.34
C0144,2025-05-19 13:17:44.797144,24.73
C0117,2025-02-05 13:17:44.797147,371.12
C0069,2025-06-19 13:17:44.797150,2.09
C0099,2025-04-09 13:17:44.797153,74.01
C0140,2025-04-29 13:17:44.797157,86.19
C0025,2025-03-27 13:17:44.797160,93.19
C0180,2025-06-21 13:17:44.797163,10.26
C0123,2025-04-10 13:17:44.797166,223.14
C0053,2025-04-14 13:17:44.797169,15.99
C0151,2025-04-14 13:17:44.797173,77.99
C0144,2025-04-05 13:17:44.797176,20.15
C0057,2025-03-18 13:17:44.797179,29.36
C0039,2025-01-31 13:17:44.797182,63.25
C0109,2025-05-30 13:17:44.797185,43.19
C0181,2025-01-22 13:17:44.797190,13.97
C0042,2025-04-26 13:17:44.797195,15.0
C0186,2025-06-20 13:17:44.797200,43.32
C0167,2025-06-22 13:17:44.797205,113.27
C0142,2025-05-22 13:17:44.797211,182.59
C0122,2025-02-09 13:17:44.797216,7.03
C0133,2025-03-09 13:17:44.797221,39.95
C0163,2025-02-08 13:17:44.797226,8.45
C0075,2025-04-23 13:17:44.797231,1.34
C0146,2025-05-06 13:17:44.797236,86.71
C0076,2025-06-13 13:17:44.797242,73.79
C0009,2025-05-23 13:17:44.797247,14.24
C0074,2025-05-07 13:17:44.797252,21.31
C0186,2025-06-19 13:17:44.797257,1.92
C0145,2025-06-05 13:17:44.797263,144.12
C0007,2025-04-06 13:17:44.797268,294.13
C0174,2025-02-28 13:17:44.797273,11.64
C0141,2023-11-29 13:17:44.797278,21.06
C0168,2024-10-27 13:17:44.797283,162.24
C0170,2025-03-27 13:17:44.797288,208.8
C0137,2025-05-09 13:17:44.797293,43.53
C0178,2025-03-29 13:17:44.797298,4.16
C0027,2025-02-09 13:17:44.797303,3.22
C0122,2025-06-16 13:17:44.797308,68.26
C0194,2025-05-11 13:17:44.797312,39.92
C0005,2025-01-14 13:17:44.797316,2.33
C0029,2025-05-15 13:17:44.797319,70.02
C0165,2025-04-12 13:17:44.797323,1.0
C0166,2025-04-09 13:17:44.797326,123.86
C0083,2025-06-09 13:17:44.797329,29.27
C0136,2025-05-18 13:17:44.797332,3.29
C0109,2025-05-22 13:17:44.797335,71.01
C0065,2025-06-25 13:17:44.797338,40.56
C0086,2025-06-25 13:17:44.797341,291.36
C0145,2025-01-18 13:17:44.797357,62.86
C0071,2025-05-30 13:17:44.797360,25.75
C0045,2025-04-23 13:17:44.797364,98.88
C0132,2025-05-27 13:17:44.797369,25.34
C0036,2024-10-16 13:17:44.797377,187.68
C0070,2025-05-31 13:17:44.797383,37.56
C0159,2025-05-08 13:17:44.797388,63.86
C0019,2024-12-24 13:17:44.797393,4.15
C0189,2025-01-12 13:17:44.797398,44.43
C0108,2025-06-09 13:17:44.797405,142.88
C0182,2025-02-01 13:17:44.797410,131.05
C0167,2025-05-03 13:17:44.797416,20.32
C0091,2025-04-29 13:17:44.797421,20.5
C0090,2025-06-15 13:17:44.797426,136.0
C0019,2025-06-20 13:17:44.797432,213.2
C0039,2025-03-02 13:17:44.797437,8.02
C0126,2025-04-27 13:17:44.797442,47.84
C0195,2025-05-07 13:17:44.797448,32.93
C0173,2025-03-02 13:17:44.797453,163.64
C0141,2025-02-17 13:17:44.797458,6.98
C0126,2025-06-12 13:17:44.797463,18.97
C0058,2025-04-04 13:17:44.797469,111.7
C0148,2025-06-14 13:17:44.797473,4.21
C0200,2025-02-22 13:17:44.797476,54.27
C0061,2025-03-23 13:17:44.797480,46.69
C0127,2024-09-18 13:17:44.797483,32.57
C0105,2025-06-21 13:17:44.797486,40.15
C0167,2025-06-22 13:17:44.797489,60.39
C0001,2025-05-29 13:17:44.797493,14.08
C0131,2025-05-31 13:17:44.797496,67.89
C0092,2025-06-02 13:17:44.797499,130.96
C0190,2024-11-26 13:17:44.797502,114.22
C0191,2025-06-02 13:17:44.797506,13.37
C0113,2025-05-30 13:17:44.797510,12.93
C0153,2025-02-19 13:17:44.797516,24.98
C0056,2025-05-05 13:17:44.797521,35.84
C0161,2025-02-13 13:17:44.797526,42.0
C0166,2025-06-21 13:17:44.797532,91.08
C0117,2025-04-28 13:17:44.797537,4.67
C0134,2025-06-24 13:17:44.797542,2.82
C0058,2025-06-22 13:17:44.797551,39.79
C0044,2024-11-26 13:17:44.797556,95.57
C0173,2025-06-14 13:17:44.797561,17.2
C0160,2025-04-20 13:17:44.797564,82.07
C0173,2025-05-11 13:17:44.797567,24.07
C0061,2025-05-20 13:17:44.797570,173.78
C0047,2024-12-02 13:17:44.797573,180.83
C0149,2025-06-26 13:17:44.797577,28.22
C0080,2025-03-21 13:17:44.797582,20.91
C0118,2024-09-03 13:17:44.797587,42.39
C0164,2025-04-15 13:17:44.797592,22.01
C0147,2024-10-22 13:17:44.797598,89.27
C0020,2025-06-23 13:17:44.797603,139.93
C0185,2025-05-10 13:17:44.797608,89.45
C0146,2025-05-31 13:17:44.797614,139.14
C0047,2025-03-01 13:17:44.797619,40.47
C0049,2024-07-04 13:17:44.797624,13.6
C0014,2025-06-01 13:17:44.797629,107.14
C0143,2025-03-24 13:17:44.797634,35.76
C0159,2025-06-08 13:17:44.797640,89.0
C0001,2025-04-14 13:17:44.797643,25.25
C0117,2025-05-02 13:17:44.797646,6.78
C0054,2024-08-10 13:17:44.797649,392.31
C0118,2025-04-04 13:17:44.797652,13.59
C0003,2025-05-20 13:17:44.797656,356.68
C0144,2025-06-17 13:17:44.797659,302.76
C0185,2025-06-13 13:17:44.797662,126.32
C0012,2025-06-05 13:17:44.797665,86.17
C0074,2025-06-01 13:17:44.797670,68.98
C0016,2025-01-07 13:17:44.797675,160.85
C0200,2025-04-14 13:17:44.797680,27.34
C0102,2025-04-22 13:17:44.797685,50.44
C0152,2025-06-17 13:17:44.797690,77.28
C0156,2025-01-01 13:17:44.797695,42.37
C0117,2025-03-04 13:17:44.797701,44.62
C0008,2025-06-21 13:17:44.797706,32.07
C0122,2025-03-09 13:17:44.797711,66.45
C0092,2025-04-18 13:17:44.797716,152.08
C0164,2025-06-20 13:17:44.797722,18.0
C0090,2025-05-03 13:17:44.797727,217.97
C0136,2025-04-29 13:17:44.797736,93.46
C0186,2025-06-11 13:17:44.797740,138.65
C0060,2024-10-08 13:17:44.797743,64.99
C0178,2025-01-08 13:17:44.797747,120.95
C0028,2025-03-20 13:17:44.797750,1.31
C0101,2025-05-03 13:17:44.797754,136.47
C0041,2025-05-11 13:17:44.797757,3.28
C0192,2025-03-25 13:17:44.797760,176.52
C0155,2025-04-18 13:17:44.797763,385.89
C0191,2025-06-22 13:17:44.797766,27.86
C0145,2025-04-24 13:17:44.797769,18.89
C0161,2025-01-31 13:17:44.797773,115.98
C0157,2025-05-03 13:17:44.797778,23.34
C0141,2025-06-23 13:17:44.797783,160.53
C0046,2025-02-09 13:17:44.797789,8.68
C0035,2025-06-07 13:17:44.797794,10.77
C0134,2025-06-01 13:17:44.797799,309.64
C0082,2025-06-11 13:17:44.797805,89.63
C0115,2025-05-22 13:17:44.797810,150.13
C0197,2025-02-20 13:17:44.797815,31.36
C0047,2025-04-23 13:17:44.797820,90.28
C0153,2025-06-07 13:17:44.797826,72.16
C0194,2024-12-20 13:17:44.797831,73.94
C0010,2024-12-19 13:17:44.797837,91.79
C0056,2024-12-25 13:17:44.797841,68.52
C0030,2025-06-03 13:17:44.797845,44.84
C0109,2025-05-04 13:17:44.797848,25.83
C0005,2024-06-15 13:17:44.797851,117.08
C0119,2025-02-14 13:17:44.797855,20.52
C0033,2025-06-25 13:17:44.797858,94.3
C0118,2025-06-21 13:17:44.797862,21.26
C0065,2025-05-02 13:17:44.797865,78.54
C0146,2024-11-24 13:17:44.797868,109.97
C0177,2025-04-19 13:17:44.797871,19.75
C0011,2025-04-27 13:17:44.797874,4.95
C0085,2025-06-17 13:17:44.797878,11.23
C0026,2025-03-23 13:17:44.797881,74.51
C0063,2025-01-23 13:17:44.797884,151.47
C0086,2025-05-15 13:17:44.797887,3.68
C0059,2025-02-13 13:17:44.797890,105.99
C0027,2024-08-31 13:17:44.797894,33.4
C0177,2025-06-07 13:17:44.797899,52.09
C0161,2025-04-22 13:17:44.797904,211.45
C0098,2025-05-28 13:17:44.797909,32.27
C0105,2025-02-06 13:17:44.797915,50.09
C0099,2025-04-11 13:17:44.797920,1.1
C0129,2025-03-29 13:17:44.797925,6.81
C0149,2025-02-04 13:17:44.797931,23.94
C0055,2025-05-13 13:17:44.797936,2.26
C0006,2024-11-18 13:17:44.797941,79.84
C0197,2025-04-20 13:17:44.797945,44.47
C0095,2025-06-12 13:17:44.797951,63.55
C0133,2025-03-12 13:17:44.797956,15.36
C0102,2025-02-06 13:17:44.797960,28.07
C0003,2025-05-24 13:17:44.797963,87.21
C0181,2025-01-03 13:17:44.797968,268.89
C0023,2024-11-27 13:17:44.797973,4.14
C0053,2025-05-29 13:17:44.797979,176.86
C0165,2024-06-23 13:17:44.797984,68.81
C0083,2025-06-14 13:17:44.797989,66.39
C0145,2025-06-07 13:17:44.797995,55.5
C0085,2025-06-09 13:17:44.798000,5.75
C0078,2024-12-08 13:17:44.798006,7.53
C0110,2025-03-24 13:17:44.798011,73.49
C0001,2025-06-13 13:17:44.798016,33.36
C0051,2025-05-06 13:17:44.798022,199.37
C0173,2025-04-03 13:17:44.798027,41.75
C0004,2025-06-20 13:17:44.798032,12.37
C0190,2024-12-17 13:17:44.798038,100.34
C0193,2025-02-01 13:17:44.798043,27.78
C0113,2025-04-25 13:17:44.798048,59.63
C0032,2024-08-24 13:17:44.798053,95.74
C0034,2025-05-10 13:17:44.798056,184.42
C0092,2024-06-20 13:17:44.798062,125.69
C0095,2025-03-20 13:17:44.798067,90.25
C0072,2025-03-29 13:17:44.798072,91.06
C0039,2025-06-11 13:17:44.798077,233.39
C0154,2024-12-17 13:17:44.798082,28.06
C0162,2025-05-08 13:17:44.798085,1.0
C0182,2025-06-12 13:17:44.798089,25.39
C0118,2025-06-26 13:17:44.798091,19.66
C0003,2025-04-15 13:17:44.798095,86.74
C0123,2025-04-21 13:17:44.798098,80.35
C0050,2025-03-05 13:17:44.798101,72.01
C0012,2024-12-11 13:17:44.798104,1.31
C0193,2025-06-20 13:17:44.798108,104.39
C0054,2025-03-01 13:17:44.798111,31.27
C0133,2025-06-09 13:17:44.798115,87.5
C0057,2025-01-03 13:17:44.798118,65.06
C0145,2025-01-25 13:17:44.798121,33.57
C0112,2025-04-18 13:17:44.798124,11.56
C0047,2025-03-08 13:17:44.798127,7.93
C0151,2025-05-25 13:17:44.798130,142.47
C0085,2025-05-01 13:17:44.798133,200.47
C0142,2025-01-23 13:17:44.798136,83.94
C0066,2025-05-03 13:17:44.798140,8.73
C0075,2025-05-19 13:17:44.798143,41.14
C0179,2025-04-27 13:17:44.798146,104.43
C0103,2025-01-20 13:17:44.798149,121.07
C0166,2025-05-22 13:17:44.798152,10.06
C0192,2025-06-10 13:17:44.798159,1.0
C0038,2025-03-07 13:17:44.798162,99.62
C0050,2025-01-21 13:17:44.798165,35.28
C0098,2025-06-18 13:17:44.798168,23.49
C0082,2025-06-03 13:17:44.798172,1.04
C0030,2025-06-14 13:17:44.798177,62.17
C0079,2025-05-20 13:17:44.798182,152.39
C0091,2025-05-05 13:17:44.798187,252.91
C0179,2025-02-23 13:17:44.798193,66.73
C0191,2025-03-25 13:17:44.798198,57.8
C0052,2025-04-01 13:17:44.798203,7.11
C0166,2025-05-19 13:17:44.798208,63.68
C0079,2025-01-13 13:17:44.798214,38.24
C0030,2025-05-01 13:17:44.798219,74.74
C0106,2024-07-14 13:17:44.798225,39.38
C0051,2025-03-29 13:17:44.798230,21.99
C0081,2025-06-15 13:17:44.798235,7.98
C0133,2025-03-18 13:17:44.798241,30.26
C0029,2025-05-23 13:17:44.798246,8.13
C0132,2025-03-15 13:17:44.798251,15.57
C0138,2025-06-21 13:17:44.798255,349.52
C0184,2025-06-10 13:17:44.798258,46.97
C0145,2025-01-04 13:17:44.798261,60.72
C0074,2025-06-04 13:17:44.798264,165.48
C0017,2025-01-15 13:17:44.798268,433.53
C0084,2025-05-29 13:17:44.798271,69.92
C0069,2025-03-27 13:17:44.798275,133.91
C0034,2025-03-13 13:17:44.798281,31.67
C0006,2025-04-24 13:17:44.798286,29.19
C0053,2025-05-26 13:17:44.798292,41.23
C0194,2025-06-06 13:17:44.798297,89.3
C0126,2025-06-24 13:17:44.798302,91.7
C0043,2025-05-26 13:17:44.798308,30.29
C0115,2025-03-24 13:17:44.798313,11.44
C0111,2024-10-20 13:17:44.798320,80.06
C0151,2024-12-25 13:17:44.798325,10.99
C0183,2025-02-17 13:17:44.798330,69.11
C0080,2025-02-08 13:17:44.798336,94.58
C0095,2025-03-21 13:17:44.798339,96.48
C0118,2025-05-31 13:17:44.798342,112.02
C0144,2024-11-26 13:17:44.798345,165.0
C0008,2025-03-20 13:17:44.798348,55.45
C0132,2025-04-15 13:17:44.798351,104.82
C0104,2025-06-17 13:17:44.798354,77.23
C0132,2025-05-05 13:17:44.798357,16.53
C0184,2025-05-03 13:17:44.798362,2.08
C0025,2024-12-30 13:17:44.798367,26.79
C0195,2025-04-17 13:17:44.798372,46.82
C0096,2025-05-15 13:17:44.798377,76.8
C0195,2024-07-24 13:17:44.798382,151.75
C0155,2025-06-17 13:17:44.798387,17.48
C0093,2025-05-09 13:17:44.798392,10.73
C0160,2025-06-24 13:17:44.798397,264.79
C0178,2025-02-26 13:17:44.798402,9.15
C0061,2024-11-14 13:17:44.798407,52.08
C0122,2025-05-29 13:17:44.798413,70.47
C0051,2025-01-03 13:17:44.798416,62.36
C0147,2025-05-27 13:17:44.798421,7.2
C0021,2024-11-22 13:17:44.798424,4.7
C0005,2025-02-21 13:17:44.798428,8.92
C0092,2025-01-31 13:17:44.798431,70.47
C0170,2025-06-26 13:17:44.798434,62.88
C0061,2024-09-04 13:17:44.798437,21.3
C0022,2025-03-03 13:17:44.798440,81.24
C0149,2025-05-26 13:17:44.798444,137.21
C0070,2025-01-19 13:17:44.798447,3.4
C0001,2025-05-29 13:17:44.798450,55.15
C0133,2024-12-24 13:17:44.798453,93.52
C0012,2025-06-17 13:17:44.798456,23.26
C0090,2025-03-10 13:17:44.798459,29.43
C0046,2025-04-18 13:17:44.798462,76.08
C0034,2025-06-18 13:17:44.798465,182.57
C0177,2025-06-03 13:17:44.798469,132.83
C0078,2025-06-26 13:17:44.798472,70.0
C0045,2025-05-02 13:17:44.798475,104.81
C0155,2025-05-26 13:17:44.798478,36.31
C0073,2025-04-06 13:17:44.798481,81.95
C0026,2025-05-27 13:17:44.798485,50.22
C0047,2025-05-26 13:17:44.798488,16.85
C0121,2025-02-25 13:17:44.798491,96.78
C0056,2025-06-23 13:17:44.798495,65.04
C0094,2024-11-30 13:17:44.798497,35.53
C0107,2025-01-06 13:17:44.798501,193.83
C0063,2025-03-20 13:17:44.798504,1.69
C0048,2025-04-08 13:17:44.798507,30.36
C0061,2024-12-09 13:17:44.798510,4.69
C0081,2025-06-09 13:17:44.798513,116.38
C0026,2025-06-20 13:17:44.798517,96.88
C0036,2025-06-03 13:17:44.798520,32.2
C0001,2025-02-05 13:17:44.798523,90.08
C0008,2025-06-24 13:17:44.798526,40.33
C0113,2025-04-10 13:17:44.798531,112.93
C0099,2024-02-28 13:17:44.798536,48.44
C0180,2025-01-04 13:17:44.798541,42.52
C0047,2025-04-22 13:17:44.798546,218.34
C0127,2025-06-22 13:17:44.798551,23.11
C0056,2025-01-18 13:17:44.798556,10.27
C0014,2025-04-06 13:17:44.798577,70.27
C0028,2025-06-17 13:17:44.798583,278.74
C0078,2025-06-19 13:17:44.798589,37.96
C0130,2024-11-23 13:17:44.798594,5.12
C0109,2025-03-20 13:17:44.798599,33.16
C0154,2025-01-19 13:17:44.798602,56.41
C0014,2024-12-19 13:17:44.798606,14.13
C0187,2025-04-12 13:17:44.798609,85.86
C0056,2025-04-23 13:17:44.798612,487.72
C0115,2025-05-08 13:17:44.798615,48.08
C0007,2025-05-24 13:17:44.798618,35.05
C0003,2025-05-07 13:17:44.798621,40.96
C0111,2025-02-14 13:17:44.798625,9.79
C0151,2025-04-06 13:17:44.798630,171.83
C0107,2024-12-09 13:17:44.798635,42.87
C0018,2025-05-06 13:17:44.798645,39.19
C0038,2025-04-04 13:17:44.798650,86.23
C0115,2025-03-30 13:17:44.798656,46.68
C0015,2025-04-08 13:17:44.798661,83.58
C0192,2025-03-10 13:17:44.798667,5.07
C0119,2025-06-03 13:17:44.798672,134.44
C0028,2025-04-24 13:17:44.798677,225.75
C0039,2025-06-18 13:17:44.798682,83.7
C0185,2025-05-15 13:17:44.798687,247.32
C0017,2025-04-28 13:17:44.798693,13.14
C0086,2025-03-24 13:17:44.798698,51.92
C0126,2024-09-30 13:17:44.798703,73.67
C0044,2025-04-06 13:17:44.798710,69.73
C0025,2025-02-25 13:17:44.798716,41.06
C0145,2025-04-25 13:17:44.798721,33.01
C0013,2025-03-29 13:17:44.798727,10.85
C0025,2025-06-21 13:17:44.798732,39.77
C0068,2025-06-01 13:17:44.798738,14.2
C0138,2025-05-18 13:17:44.798743,106.05
C0067,2025-05-01 13:17:44.798749,18.74
C0109,2025-06-23 13:17:44.798754,4.83
C0146,2025-06-14 13:17:44.798760,64.3
C0111,2025-05-29 13:17:44.798766,72.35
C0111,2024-08-11 13:17:44.798771,164.4
C0034,2025-05-22 13:17:44.798776,68.83
C0111,2025-04-29 13:17:44.798781,33.91
C0008,2025-06-08 13:17:44.798787,129.97
C0168,2025-04-04 13:17:44.798792,62.17
C0113,2025-05-29 13:17:44.798797,6.61
C0083,2025-06-07 13:17:44.798802,66.75
C0042,2025-04-23 13:17:44.798808,190.89
C0169,2025-06-27 13:17:44.798814,40.38
C0101,2025-06-27 13:17:44.798820,28.12
C0006,2025-06-05 13:17:44.798825,12.39
C0180,2025-06-24 13:17:44.798831,13.14
C0026,2025-06-17 13:17:44.798837,45.36
C0064,2025-05-21 13:17:44.798842,72.44
C0187,2025-02-01 13:17:44.798847,6.72
C0184,2025-04-12 13:17:44.798853,224.5
C0059,2025-04-24 13:17:44.798858,112.56
C0109,2025-05-27 13:17:44.798863,70.67
C0198,2024-10-29 13:17:44.798868,141.03
C0121,2025-05-13 13:17:44.798874,6.69
C0033,2025-06-19 13:17:44.798879,51.83
C0181,2025-04-02 13:17:44.798885,79.56
C0150,2025-06-17 13:17:44.798890,141.13
C0021,2025-05-20 13:17:44.798895,122.4
C0198,2025-04-25 13:17:44.798901,25.96
C0070,2024-12-23 13:17:44.798907,226.26
C0112,2025-04-27 13:17:44.798912,10.62
C0004,2025-03-10 13:17:44.798918,166.44
C0094,2024-04-09 13:17:44.798923,283.07
C0075,2025-06-15 13:17:44.798928,15.6
C0190,2025-05-30 13:17:44.798933,102.43
C0062,2025-05-13 13:17:44.798938,3.29
C0094,2025-05-09 13:17:44.798942,41.59
C0095,2025-05-11 13:17:44.798945,58.1
C0152,2024-11-25 13:17:44.798948,69.52
C0055,2025-03-07 13:17:44.798952,219.83
C0137,2025-04-04 13:17:44.798955,89.24
C0131,2025-05-25 13:17:44.798958,52.51
C0031,2025-01-22 13:17:44.798961,132.72
C0040,2024-09-21 13:17:44.798965,240.52
C0036,2025-01-24 13:17:44.798969,1.79
C0152,2025-06-27 13:17:44.798974,323.74
C0006,2025-03-28 13:17:44.798980,7.21
C0066,2025-06-23 13:17:44.798985,134.73
C0075,2025-06-01 13:17:44.798990,26.32
C0004,2025-06-22 13:17:44.798995,11.34
C0079,2025-04-05 13:17:44.799001,46.36
C0134,2025-03-15 13:17:44.799006,82.62
C0118,2025-06-17 13:17:44.799011,38.37
C0113,2025-05-15 13:17:44.799016,4.49
C0094,2025-05-04 13:17:44.799022,73.2
C0179,2025-05-17 13:17:44.799027,186.15
C0062,2025-06-16 13:17:44.799033,38.66
C0185,2025-05-10 13:17:44.799037,19.5
C0194,2025-02-22 13:17:44.799042,46.75
C0079,2025-06-21 13:17:44.799047,3.97
C0136,2025-06-20 13:17:44.799052,137.4
C0026,2025-05-19 13:17:44.799057,140.05
C0179,2024-10-15 13:17:44.799062,70.94
C0173,2025-03-20 13:17:44.799067,34.85
C0044,2025-03-17 13:17:44.799073,128.67
C0133,2025-05-18 13:17:44.799078,64.72
C0070,2025-04-07 13:17:44.799083,139.86
C0154,2025-06-27 13:17:44.799089,79.86
C0118,2025-03-29 13:17:44.799094,122.75
C0068,2024-11-19 13:17:44.799099,73.02
C0019,2025-04-03 13:17:44.799104,42.77
C0020,2024-12-23 13:17:44.799110,253.5
C0113,2025-03-04 13:17:44.799115,62.32
C0140,2025-06-16 13:17:44.799120,74.33
C0047,2024-11-30 13:17:44.799125,19.93
C0001,2025-06-21 13:17:44.799131,78.61
C0090,2025-04-20 13:17:44.799136,67.82
C0142,2025-06-14 13:17:44.799139,16.35
C0064,2025-06-26 13:17:44.799143,4.91
C0038,2025-05-09 13:17:44.799146,74.18
C0037,2025-05-27 13:17:44.799150,115.41
C0126,2025-04-29 13:17:44.799154,59.29
C0139,2025-04-11 13:17:44.799157,20.57
C0100,2025-06-23 13:17:44.799160,87.85
C0077,2025-06-16 13:17:44.799163,6.68
C0003,2025-04-15 13:17:44.799166,46.65
C0161,2025-05-21 13:17:44.799170,14.27
C0134,2025-03-02 13:17:44.799173,16.31
C0178,2025-03-24 13:17:44.799177,18.08
C0010,2025-01-10 13:17:44.799183,39.11
C0005,2025-03-13 13:17:44.799188,4.2
C0151,2025-05-08 13:17:44.799194,40.57
C0138,2025-03-19 13:17:44.799199,57.35
C0172,2025-05-30 13:17:44.799205,52.82
C0130,2025-05-26 13:17:44.799211,38.6
C0013,2025-02-07 13:17:44.799216,146.18
C0168,2025-05-05 13:17:44.799221,12.56
C0130,2025-02-03 13:17:44.799226,56.37
C0084,2025-01-23 13:17:44.799232,5.12
C0065,2025-01-03 13:17:44.799237,5.91
C0063,2024-11-16 13:17:44.799241,68.24
C0101,2025-05-08 13:17:44.799244,66.78
C0073,2025-05-24 13:17:44.799247,168.32
C0017,2025-04-10 13:17:44.799252,65.29
C0009,2025-05-17 13:17:44.799257,257.09
C0143,2025-04-06 13:17:44.799263,3.99
C0152,2025-03-09 13:17:44.799268,8.25
C0038,2025-03-15 13:17:44.799273,3.61
C0163,2025-05-16 13:17:44.799278,16.39
C0094,2025-06-11 13:17:44.799284,62.34
C0095,2025-05-08 13:17:44.799289,82.98
C0049,2025-06-14 13:17:44.799294,3.73
C0069,2024-12-11 13:17:44.799299,233.46
C0062,2025-05-20 13:17:44.799303,147.7
C0188,2025-06-12 13:17:44.799306,28.15
C0178,2025-06-25 13:17:44.799309,6.43
C0078,2025-03-26 13:17:44.799313,14.9
C0117,2025-03-28 13:17:44.799316,10.86
C0120,2025-05-21 13:17:44.799319,10.53
C0137,2025-06-21 13:17:44.799323,58.48
C0162,2025-05-11 13:17:44.799328,22.57
C0076,2025-05-25 13:17:44.799333,35.47
C0035,2025-03-18 13:17:44.799339,364.55
C0001,2025-04-05 13:17:44.799344,92.24
C0040,2025-05-18 13:17:44.799350,238.04
C0064,2025-06-05 13:17:44.799355,12.3
C0150,2024-05-25 13:17:44.799360,38.52
C0060,2025-05-04 13:17:44.799365,64.73
C0064,2025-03-15 13:17:44.799371,6.39
C0093,2025-06-14 13:17:44.799376,1.0
C0072,2025-04-29 13:17:44.799381,88.8
C0011,2025-06-25 13:17:44.799385,82.14
C0105,2025-04-25 13:17:44.799388,42.32
C0014,2024-09-01 13:17:44.799392,53.81
C0060,2025-05-15 13:17:44.799395,42.95
C0030,2025-06-24 13:17:44.799398,1.94
C0035,2025-06-25 13:17:44.799401,32.68
C0165,2025-05-14 13:17:44.799405,15.59
C0005,2025-06-12 13:17:44.799408,8.29
C0083,2025-06-25 13:17:44.799411,251.21
C0123,2025-02-20 13:17:44.799414,73.18
C0078,2025-05-03 13:17:44.799417,104.35
C0154,2025-05-28 13:17:44.799420,30.31
C0062,2024-12-02 13:17:44.799424,39.96
C0132,2025-06-16 13:17:44.799429,21.63
C0089,2024-09-20 13:17:44.799434,8.16
C0042,2025-05-25 13:17:44.799440,15.78
C0089,2024-12-12 13:17:44.799445,127.77
C0146,2025-04-05 13:17:44.799451,90.54
C0040,2025-01-21 13:17:44.799456,63.34
C0072,2024-06-20 13:17:44.799462,51.56
C0039,2025-05-28 13:17:44.799467,204.53
C0104,2024-09-08 13:17:44.799473,6.04
C0014,2025-05-14 13:17:44.799478,26.35
C0032,2025-05-15 13:17:44.799484,34.45
C0179,2025-05-21 13:17:44.799489,122.02
C0125,2025-04-18 13:17:44.799492,391.58
C0166,2025-06-12 13:17:44.799495,22.03
C0097,2025-04-16 13:17:44.799500,165.91
C0023,2025-04-18 13:17:44.799506,142.05
C0063,2025-02-18 13:17:44.799511,20.36
C0143,2025-01-17 13:17:44.799515,40.78
C0153,2025-05-06 13:17:44.799520,42.17
C0145,2025-05-26 13:17:44.799524,306.14
C0194,2025-05-31 13:17:44.799528,15.96
C0053,2025-06-08 13:17:44.799532,128.42
C0104,2025-06-22 13:17:44.799537,32.54
C0104,2025-05-21 13:17:44.799541,105.0
C0179,2025-05-30 13:17:44.799545,43.58
C0039,2024-08-26 13:17:44.799550,69.09
C0179,2025-04-15 13:17:44.799554,143.0
C0198,2025-05-20 13:17:44.799558,130.44
C0134,2025-04-10 13:17:44.799563,161.05
C0067,2025-06-14 13:17:44.799568,4.92
C0135,2025-05-06 13:17:44.799573,94.23
C0179,2025-03-31 13:17:44.799579,12.06
C0200,2025-04-28 13:17:44.799585,43.0
C0042,2025-05-12 13:17:44.799590,63.63
C0192,2024-03-26 13:17:44.799595,41.23
C0015,2024-12-18 13:17:44.799601,58.65
C0111,2025-04-01 13:17:44.799606,453.0
C0157,2025-04-13 13:17:44.799611,11.62
C0033,2025-04-01 13:17:44.799616,90.03
C0155,2025-06-07 13:17:44.799620,40.33
C0164,2025-05-13 13:17:44.799623,11.42
C0157,2025-06-24 13:17:44.799626,13.83
C0038,2025-04-30 13:17:44.799629,238.5
C0185,2025-04-18 13:17:44.799632,169.36
C0097,2025-06-04 13:17:44.799635,190.05
C0155,2024-09-01 13:17:44.799638,381.72
C0183,2024-11-23 13:17:44.799641,18.69
C0033,2025-03-04 13:17:44.799644,35.13
C0196,2025-04-20 13:17:44.799648,88.5
C0086,2024-12-26 13:17:44.799655,52.9
C0066,2025-06-15 13:17:44.799660,43.36
C0010,2025-02-07 13:17:44.799665,35.43
C0005,2025-06-16 13:17:44.799671,72.07
C0123,2025-02-05 13:17:44.799676,68.57
C0074,2025-05-29 13:17:44.799681,14.09
C0097,2024-12-21 13:17:44.799686,51.05
C0118,2024-10-11 13:17:44.799692,64.5
C0038,2025-06-13 13:17:44.799710,67.57
C0141,2025-05-03 13:17:44.799714,18.87
C0159,2024-07-06 13:17:44.799717,108.47
C0047,2025-04-29 13:17:44.799720,2.04
C0109,2024-12-30 13:17:44.799723,35.06
C0180,2025-04-09 13:17:44.799726,121.21
C0184,2025-05-16 13:17:44.799729,66.39
C0015,2025-05-28 13:17:44.799732,24.21
C0157,2025-06-07 13:17:44.799736,94.98
C0136,2025-02-18 13:17:44.799741,67.03
C0005,2025-05-15 13:17:44.799746,127.27
C0157,2025-04-24 13:17:44.799752,106.25
C0047,2025-04-27 13:17:44.799757,75.35
C0068,2025-04-11 13:17:44.799763,53.58
C0076,2024-12-29 13:17:44.799769,11.43
C0173,2024-07-07 13:17:44.799774,24.23
C0130,2025-05-11 13:17:44.799780,43.45
C0155,2025-01-20 13:17:44.799785,73.16
C0095,2025-02-17 13:17:44.799790,57.68
C0115,2025-04-12 13:17:44.799795,27.19
C0164,2024-09-19 13:17:44.799799,1.0
C0036,2025-06-07 13:17:44.799803,54.85
C0026,2025-06-17 13:17:44.799806,26.91
C0043,2025-01-05 13:17:44.799809,106.12
C0027,2025-05-06 13:17:44.799813,1.94
C0069,2025-01-10 13:17:44.799818,70.32
C0148,2024-12-08 13:17:44.799823,227.06
C0011,2025-06-22 13:17:44.799828,15.33
C0074,2024-12-16 13:17:44.799834,51.04
C0104,2025-05-05 13:17:44.799841,7.67
C0038,2025-04-24 13:17:44.799847,78.61
C0134,2025-03-31 13:17:44.799852,63.98
C0200,2024-11-05 13:17:44.799857,41.85
C0023,2025-06-26 13:17:44.799863,58.95
C0047,2025-04-30 13:17:44.799868,181.51
C0090,2025-03-15 13:17:44.799873,17.48
C0046,2025-03-04 13:17:44.799878,1.83
C0107,2025-03-13 13:17:44.799883,158.25
C0140,2025-06-15 13:17:44.799888,68.85
C0141,2025-05-26 13:17:44.799894,177.06
C0104,2025-05-19 13:17:44.799899,72.69
C0190,2025-02-01 13:17:44.799905,132.93
C0111,2025-05-29 13:17:44.799910,44.92
C0104,2025-06-06 13:17:44.799915,110.86
C0060,2024-09-16 13:17:44.799920,195.39
C0171,2025-06-27 13:17:44.799925,67.91
C0100,2023-12-24 13:17:44.799928,15.95
C0068,2025-03-18 13:17:44.799931,25.05
C0133,2025-01-20 13:17:44.799936,17.72
C0120,2025-05-27 13:17:44.799941,22.68
C0037,2025-06-26 13:17:44.799946,29.27
C0072,2025-02-27 13:17:44.799952,64.8
C0127,2025-01-17 13:17:44.799971,70.94
C0106,2025-02-26 13:17:44.799975,44.48
C0092,2025-06-14 13:17:44.799978,76.45
C0031,2025-02-21 13:17:44.799982,6.81
C0122,2025-02-16 13:17:44.799985,7.35
C0137,2025-03-23 13:17:44.799990,15.08
C0051,2025-02-17 13:17:44.799995,58.4
C0029,2025-01-10 13:17:44.800000,19.26
C0040,2025-04-03 13:17:44.800005,26.65
C0041,2025-06-19 13:17:44.800010,40.91
C0011,2025-04-28 13:17:44.800016,133.65
C0151,2025-06-20 13:17:44.800019,1.12
C0001,2025-05-11 13:17:44.800022,83.84
C0046,2025-05-11 13:17:44.800025,88.42
C0101,2025-06-21 13:17:44.800028,128.22
C0149,2025-05-20 13:17:44.800031,215.95
C0090,2025-06-17 13:17:44.800035,1.63
C0110,2025-01-30 13:17:44.800038,13.36
C0164,2024-10-05 13:17:44.800042,173.84
C0182,2025-06-21 13:17:44.800048,49.08
C0057,2024-09-21 13:17:44.800053,66.52
C0001,2025-04-22 13:17:44.800058,87.02
C0063,2025-05-26 13:17:44.800063,90.92
C0182,2025-06-20 13:17:44.800069,214.75
C0055,2025-04-26 13:17:44.800074,463.39
C0115,2025-02-05 13:17:44.800079,101.88
C0168,2025-03-09 13:17:44.800085,27.09
C0143,2025-06-23 13:17:44.800090,169.46
C0149,2025-06-21 13:17:44.800095,4.04
C0175,2025-05-12 13:17:44.800101,21.02
C0053,2025-05-27 13:17:44.800106,182.14
C0137,2025-06-04 13:17:44.800111,23.68
C0180,2025-05-29 13:17:44.800117,19.94
C0057,2025-02-01 13:17:44.800122,11.89
C0117,2024-11-01 13:17:44.800138,156.78
C0154,2025-05-12 13:17:44.800144,55.46
C0169,2024-11-27 13:17:44.800149,89.89
C0035,2025-05-24 13:17:44.800154,21.86
C0063,2025-04-30 13:17:44.800160,113.52
C0025,2025-06-04 13:17:44.800164,114.17
C0090,2025-03-27 13:17:44.800169,29.99
C0075,2024-07-15 13:17:44.800172,42.3
C0038,2025-04-05 13:17:44.800175,18.83
C0130,2025-05-19 13:17:44.800179,300.27
C0135,2025-03-26 13:17:44.800182,82.99
C0162,2025-06-16 13:17:44.800185,218.11
C0091,2024-12-12 13:17:44.800189,28.92
C0017,2025-04-26 13:17:44.800192,121.82
C0128,2025-05-05 13:17:44.800195,116.15
C0171,2025-04-09 13:17:44.800198,94.12
C0187,2025-03-31 13:17:44.800202,269.67
C0108,2025-06-21 13:17:44.800205,40.01
C0179,2025-03-16 13:17:44.800208,11.21
C0182,2025-06-03 13:17:44.800211,89.11
C0152,2025-03-07 13:17:44.800214,104.54
C0025,2025-01-23 13:17:44.800218,68.46
C0199,2025-02-01 13:17:44.800223,18.54
C0180,2025-04-16 13:17:44.800228,56.17
C0198,2025-04-22 13:17:44.800233,29.94
C0088,2025-06-14 13:17:44.800239,44.61
C0161,2025-02-13 13:17:44.800244,82.9
C0177,2025-05-30 13:17:44.800249,109.39
C0029,2025-04-27 13:17:44.800254,21.14
C0063,2025-05-28 13:17:44.800260,41.58
C0150,2025-06-15 13:17:44.800265,25.09
C0154,2025-03-30 13:17:44.800270,17.71
C0156,2025-06-22 13:17:44.800275,122.37
C0114,2025-02-23 13:17:44.800281,191.97
C0049,2025-05-24 13:17:44.800286,36.99
C0199,2025-06-27 13:17:44.800291,111.31
C0081,2025-04-24 13:17:44.800296,181.84
C0084,2025-06-23 13:17:44.800302,149.73
C0105,2025-05-29 13:17:44.800307,16.15
C0177,2025-03-09 13:17:44.800312,250.42
C0148,2025-06-22 13:17:44.800317,37.82
C0118,2025-01-14 13:17:44.800320,33.15
C0086,2025-06-27 13:17:44.800323,5.16
C0063,2025-06-02 13:17:44.800326,53.27
C0189,2025-02-26 13:17:44.800329,9.23
C0104,2025-05-24 13:17:44.800332,22.86
C0049,2025-06-18 13:17:44.800335,30.49
C0071,2025-05-18 13:17:44.800339,132.37
C0001,2025-05-30 13:17:44.800342,166.67
C0141,2025-01-12 13:17:44.800345,28.82
C0179,2025-05-25 13:17:44.800348,156.55
C0123,2025-02-07 13:17:44.800352,155.72
C0184,2024-12-09 13:17:44.800357,115.73
C0062,2025-05-07 13:17:44.800363,12.69
C0032,2024-11-23 13:17:44.800368,93.78
C0158,2025-05-16 13:17:44.800373,232.07
C0029,2024-09-01 13:17:44.800379,91.79
C0049,2025-06-19 13:17:44.800384,32.23
C0173,2025-03-15 13:17:44.800390,55.54
C0030,2025-04-27 13:17:44.800395,83.01
C0144,2025-05-14 13:17:44.800400,57.16
C0168,2025-03-29 13:17:44.800406,10.22
C0019,2025-03-10 13:17:44.800411,29.92
C0018,2025-06-27 13:17:44.800415,129.72
C0001,2025-06-11 13:17:44.800418,158.1
C0078,2025-03-07 13:17:44.800421,11.82
C0115,2025-03-21 13:17:44.800424,243.57
C0175,2024-08-27 13:17:44.800427,31.9
C0194,2025-02-19 13:17:44.800431,86.85
C0113,2024-09-29 13:17:44.800434,111.49
C0114,2025-03-10 13:17:44.800439,133.68
C0166,2025-05-27 13:17:44.800445,233.13
C0179,2025-06-17 13:17:44.800450,30.02
C0063,2025-02-10 13:17:44.800455,156.44
C0132,2025-03-27 13:17:44.800460,11.3
C0129,2025-06-23 13:17:44.800465,97.67
C0008,2025-05-18 13:17:44.800471,108.38
C0157,2024-09-18 13:17:44.800476,90.59
C0055,2025-04-26 13:17:44.800481,23.26
C0103,2025-05-07 13:17:44.800486,165.11
C0131,2025-05-03 13:17:44.800492,14.8
C0032,2025-06-06 13:17:44.800497,4.41
C0010,2025-05-17 13:17:44.800503,101.12
C0110,2025-05-17 13:17:44.800508,51.62
C0162,2025-06-23 13:17:44.800514,151.29
C0124,2025-02-16 13:17:44.800519,38.68
C0087,2025-05-10 13:17:44.800524,14.74
C0055,2025-01-23 13:17:44.800529,144.85
C0032,2025-01-08 13:17:44.800534,63.69
C0178,2025-06-06 13:17:44.800540,16.78
C0135,2025-03-23 13:17:44.800545,101.95
C0093,2025-05-01 13:17:44.800549,57.25
C0008,2024-12-19 13:17:44.800553,74.17
C0065,2025-06-06 13:17:44.800556,49.43
C0057,2025-03-18 13:17:44.800561,141.15
C0067,2025-04-04 13:17:44.800565,141.55
C0187,2025-05-27 13:17:44.800568,98.86
C0072,2025-06-14 13:17:44.800571,8.91
C0054,2025-03-25 13:17:44.800574,146.04
C0067,2025-02-27 13:17:44.800577,88.94
C0051,2025-05-24 13:17:44.800581,95.53
C0097,2025-03-26 13:17:44.800584,36.08
C0092,2025-05-13 13:17:44.800587,169.14
C0008,2025-03-07 13:17:44.800590,103.39
C0162,2025-06-08 13:17:44.800594,9.56
C0035,2024-12-11 13:17:44.800599,41.91
C0096,2025-05-28 13:17:44.800605,173.99
C0088,2025-05-17 13:17:44.800611,3.87
C0078,2025-06-22 13:17:44.800616,260.39
C0032,2025-06-17 13:17:44.800621,90.95
C0120,2025-04-23 13:17:44.800627,79.84
C0046,2025-05-30 13:17:44.800632,25.24
C0144,2025-01-16 13:17:44.800637,22.89
C0196,2025-06-26 13:17:44.800642,227.87
C0165,2025-05-16 13:17:44.800647,28.34
C0182,2025-05-21 13:17:44.800650,119.51
C0142,2025-06-26 13:17:44.800653,39.95
C0055,2025-06-16 13:17:44.800657,12.0
C0176,2025-05-10 13:17:44.800660,1.0
C0007,2025-04-27 13:17:44.800664,62.87
C0074,2025-05-12 13:17:44.800670,297.64
C0007,2025-04-20 13:17:44.800674,36.85
C0161,2025-04-07 13:17:44.800679,35.35
C0151,2025-06-27 13:17:44.800684,33.74
C0085,2025-05-02 13:17:44.800689,58.81
C0147,2024-09-03 13:17:44.800695,46.48
C0112,2025-04-23 13:17:44.800704,169.56
C0125,2025-03-18 13:17:44.800710,56.34
C0147,2025-05-25 13:17:44.800716,56.7
C0036,2025-02-14 13:17:44.800719,11.91
C0029,2025-02-14 13:17:44.800724,324.75
C0188,2025-04-22 13:17:44.800729,23.01
C0082,2024-07-27 13:17:44.800734,6.1
C0002,2025-06-15 13:17:44.800741,87.05
C0129,2025-06-26 13:17:44.800745,72.38
C0047,2025-02-15 13:17:44.800748,42.91
C0197,2025-01-30 13:17:44.800752,43.88
C0148,2025-06-16 13:17:44.800755,122.99
C0011,2025-05-31 13:17:44.800759,17.42
C0130,2025-06-26 13:17:44.800764,137.3
C0195,2025-05-27 13:17:44.800769,83.7
C0119,2025-02-14 13:17:44.800774,43.44
C0140,2025-04-23 13:17:44.800780,49.0
C0020,2025-05-20 13:17:44.800785,23.73
C0005,2025-05-17 13:17:44.800791,111.58
C0037,2025-06-27 13:17:44.800797,57.54
C0166,2025-05-26 13:17:44.800802,30.95
C0137,2025-03-26 13:17:44.800807,72.52
C0053,2024-08-02 13:17:44.800812,436.57
C0172,2025-01-10 13:17:44.800817,45.71
C0099,2025-06-25 13:17:44.800820,202.75
C0086,2024-12-04 13:17:44.800823,33.85
C0108,2025-02-10 13:17:44.800827,4.5
C0024,2025-02-11 13:17:44.800830,18.28
C0081,2025-05-03 13:17:44.800833,43.4
C0158,2025-05-13 13:17:44.800836,19.84
C0120,2025-05-26 13:17:44.800840,1.0
C0059,2025-06-21 13:17:44.800843,197.21
C0128,2025-06-04 13:17:44.800846,148.57
C0114,2025-06-02 13:17:44.800849,108.47
C0115,2025-04-29 13:17:44.800853,14.7
C0014,2025-02-24 13:17:44.800857,10.26
C0009,2025-05-01 13:17:44.800860,5.6
C0040,2025-06-22 13:17:44.800864,103.0
C0194,2024-09-16 13:17:44.800870,211.39
C0025,2024-10-13 13:17:44.800875,45.04
C0103,2025-02-09 13:17:44.800880,10.15
C0022,2024-04-26 13:17:44.800885,57.46
C0004,2025-04-18 13:17:44.800890,34.32
C0154,2024-09-04 13:17:44.800895,37.58
C0186,2025-06-20 13:17:44.800901,77.69
C0029,2025-05-18 13:17:44.800906,101.47
C0109,2025-06-05 13:17:44.800912,9.38
C0098,2025-06-08 13:17:44.800917,2.9
C0037,2025-06-14 13:17:44.800922,413.81
C0075,2025-04-01 13:17:44.800927,21.19
C0070,2025-02-11 13:17:44.800932,4.43
C0146,2025-04-11 13:17:44.800938,16.85
C0128,2025-06-13 13:17:44.800942,3.18
C0085,2025-01-29 13:17:44.800946,39.78
C0042,2025-03-29 13:17:44.800949,129.72
C0100,2025-05-14 13:17:44.800952,33.39
C0041,2025-03-19 13:17:44.800955,46.99
C0166,2025-05-31 13:17:44.800958,90.06
C0034,2025-05-20 13:17:44.800961,56.89
C0017,2024-11-15 13:17:44.800964,158.12
C0165,2025-05-28 13:17:44.800968,160.81
C0153,2025-05-01 13:17:44.800971,1.0
C0122,2024-12-11 13:17:44.800974,120.42
C0076,2025-03-09 13:17:44.800978,49.4
C0087,2025-06-22 13:17:44.800982,359.64
C0117,2025-06-13 13:17:44.800988,52.81
C0106,2025-06-27 13:17:44.800992,346.79
C0086,2025-03-30 13:17:44.800998,112.38
C0027,2025-05-05 13:17:44.801003,22.87
C0057,2025-06-15 13:17:44.801008,61.84
C0031,2024-09-15 13:17:44.801013,387.63
C0134,2025-04-21 13:17:44.801018,155.89
C0168,2025-06-03 13:17:44.801024,8.2
C0098,2025-04-26 13:17:44.801029,98.04
C0012,2025-03-17 13:17:44.801034,33.92
C0053,2025-06-20 13:17:44.801040,1.0
C0199,2025-05-30 13:17:44.801045,41.33
C0138,2025-01-30 13:17:44.801050,21.4
C0173,2025-05-03 13:17:44.801055,136.68
C0145,2025-04-17 13:17:44.801060,32.92
C0154,2025-05-07 13:17:44.801068,140.6
C0190,2025-06-23 13:17:44.801073,1.0
C0122,2025-06-11 13:17:44.801078,29.43
C0046,2025-05-05 13:17:44.801083,22.08
C0064,2025-06-06 13:17:44.801089,21.28
C0130,2025-06-23 13:17:44.801094,5.65
C0054,2025-01-11 13:17:44.801099,16.57
C0107,2024-07-05 13:17:44.801102,64.87
C0193,2025-02-06 13:17:44.801105,27.55
C0051,2025-01-05 13:17:44.801109,43.22
C0181,2025-06-03 13:17:44.801112,37.84
C0036,2024-09-09 13:17:44.801115,166.94
C0115,2025-06-08 13:17:44.801118,188.56
C0026,2024-09-28 13:17:44.801121,54.33
C0029,2024-03-11 13:17:44.801125,32.06
C0149,2025-03-08 13:17:44.801129,9.04
C0011,2024-07-05 13:17:44.801132,245.3
C0040,2025-04-13 13:17:44.801135,4.97
C0011,2025-05-31 13:17:44.801138,28.27
C0164,2025-05-07 13:17:44.801142,28.31
C0113,2025-04-07 13:17:44.801145,30.9
C0187,2025-06-21 13:17:44.801148,14.36
C0039,2025-04-01 13:17:44.801151,122.29
C0054,2024-07-05 13:17:44.801154,10.45
C0098,2025-06-09 13:17:44.801157,80.61
C0055,2025-02-06 13:17:44.801160,10.58
C0111,2024-11-25 13:17:44.801163,5.85
C0152,2024-10-12 13:17:44.801167,192.13
C0150,2024-09-10 13:17:44.801170,16.87
C0069,2025-04-22 13:17:44.801173,137.74
C0056,2024-07-22 13:17:44.801177,62.93
C0033,2025-02-20 13:17:44.801180,6.48
C0036,2025-06-12 13:17:44.801183,248.89
C0148,2025-04-30 13:17:44.801186,22.69
C0081,2025-03-05 13:17:44.801190,157.09
C0190,2025-06-02 13:17:44.801194,14.79
C0109,2025-03-27 13:17:44.801199,153.9
C0154,2025-03-21 13:17:44.801204,1.07
C0194,2025-06-12 13:17:44.801210,57.36
C0073,2025-04-14 13:17:44.801215,117.38
C0040,2025-02-15 13:17:44.801220,218.42
C0017,2025-04-26 13:17:44.801225,191.93
C0129,2025-06-26 13:17:44.801231,137.02
C0061,2025-06-27 13:17:44.801236,175.28
C0171,2025-05-19 13:17:44.801241,17.77
C0104,2024-11-05 13:17:44.801246,26.75
C0042,2025-06-04 13:17:44.801251,27.28
C0025,2025-03-29 13:17:44.801256,37.86
C0039,2025-06-05 13:17:44.801262,39.98
C0035,2025-05-24 13:17:44.801266,62.92
C0131,2025-01-09 13:17:44.801271,13.94
C0108,2025-03-02 13:17:44.801277,94.02
C0172,2025-06-18 13:17:44.801282,14.67
C0179,2025-05-08 13:17:44.801287,29.72
C0102,2025-06-25 13:17:44.801293,55.99
C0098,2025-04-29 13:17:44.801298,127.34
C0012,2025-03-22 13:17:44.801303,107.6
C0019,2025-06-16 13:17:44.801308,82.97
C0101,2025-05-28 13:17:44.801314,13.55
C0044,2025-05-13 13:17:44.801318,63.36
C0187,2024-11-13 13:17:44.801321,7.32
C0049,2024-04-04 13:17:44.801324,37.9
C0189,2025-06-23 13:17:44.801327,42.69
C0017,2025-02-19 13:17:44.801330,3.25
C0074,2025-05-17 13:17:44.801333,25.62
C0057,2025-05-14 13:17:44.801337,249.25
C0055,2025-02-21 13:17:44.801340,245.69
C0047,2024-11-14 13:17:44.801343,34.75
C0012,2024-09-29 13:17:44.801346,3.52
C0062,2025-04-11 13:17:44.801349,15.79
C0080,2025-05-19 13:17:44.801352,39.84
C0083,2025-02-08 13:17:44.801355,236.18
C0008,2025-06-01 13:17:44.801359,12.18
C0149,2025-04-14 13:17:44.801362,115.35
C0081,2025-05-19 13:17:44.801365,9.2
C0118,2025-03-23 13:17:44.801368,318.16
C0198,2025-06-03 13:17:44.801371,38.45
C0200,2025-06-08 13:17:44.801374,119.42
C0025,2024-11-14 13:17:44.801377,33.56
C0089,2025-06-18 13:17:44.801381,79.04
C0012,2025-04-25 13:17:44.801385,17.06
C0143,2025-06-05 13:17:44.801391,12.63
C0059,2025-06-24 13:17:44.801396,222.53
C0154,2025-06-24 13:17:44.801401,199.74
C0109,2025-06-10 13:17:44.801406,174.76
C0026,2024-12-28 13:17:44.801412,78.56
C0047,2025-05-29 13:17:44.801417,132.13
C0032,2024-09-30 13:17:44.801422,5.72
C0010,2025-04-10 13:17:44.801428,32.61
C0016,2025-05-07 13:17:44.801433,30.12
C0199,2025-04-10 13:17:44.801438,80.77
C0145,2025-04-23 13:17:44.801443,35.2
C0151,2025-02-20 13:17:44.801450,12.86
C0026,2025-05-29 13:17:44.801454,72.6
C0086,2025-05-19 13:17:44.801457,134.73
C0135,2024-12-07 13:17:44.801460,38.52
C0014,2024-10-07 13:17:44.801463,11.35
C0079,2024-12-09 13:17:44.801467,17.52
C0117,2025-05-10 13:17:44.801471,21.69
C0007,2025-02-11 13:17:44.801476,28.52
C0137,2025-04-30 13:17:44.801482,82.36
C0115,2025-04-27 13:17:44.801487,73.49
C0176,2025-06-07 13:17:44.801492,95.28
C0072,2025-04-08 13:17:44.801498,36.02
C0059,2025-06-09 13:17:44.801503,138.98
C0082,2025-05-22 13:17:44.801509,18.26
C0116,2025-01-05 13:17:44.801514,50.65
C0167,2025-06-07 13:17:44.801519,129.13
C0146,2025-06-21 13:17:44.801524,15.89
C0187,2025-06-21 13:17:44.801530,9.31
C0103,2024-10-16 13:17:44.801536,172.12
C0017,2025-04-25 13:17:44.801541,33.6
C0014,2025-05-11 13:17:44.801546,92.13
C0159,2025-01-29 13:17:44.801551,2.05
C0152,2025-01-16 13:17:44.801557,93.71
C0108,2025-05-22 13:17:44.801562,30.4
C0188,2025-03-13 13:17:44.801568,4.59
C0045,2025-02-15 13:17:44.801574,75.29
C0098,2025-03-24 13:17:44.801579,22.04
C0131,2025-06-13 13:17:44.801585,39.13
C0037,2024-12-22 13:17:44.801590,6.72
C0171,2025-04-19 13:17:44.801595,12.73
C0168,2025-05-29 13:17:44.801601,28.3
C0183,2025-05-09 13:17:44.801606,7.52
C0108,2025-06-24 13:17:44.801612,193.37
C0039,2025-06-15 13:17:44.801617,1.0
C0015,2025-02-17 13:17:44.801622,52.91
C0120,2025-06-27 13:17:44.801627,10.52
C0004,2025-05-10 13:17:44.801632,29.42
C0093,2025-04-22 13:17:44.801638,208.36
C0153,2025-06-22 13:17:44.801643,14.11
C0141,2024-08-06 13:17:44.801649,270.12
C0161,2025-06-04 13:17:44.801655,18.43
C0016,2025-05-26 13:17:44.801660,108.25
C0170,2025-05-26 13:17:44.801665,63.29
C0108,2025-06-04 13:17:44.801671,172.66
C0126,2025-06-27 13:17:44.801676,64.59
C0194,2025-03-02 13:17:44.801682,61.18
C0055,2024-08-25 13:17:44.801687,17.4
C0170,2025-06-05 13:17:44.801693,14.54
C0034,2025-03-22 13:17:44.801698,198.62
C0158,2025-02-26 13:17:44.801703,31.78
C0013,2025-01-09 13:17:44.801709,37.23
C0141,2025-05-09 13:17:44.801714,114.11
C0018,2025-05-26 13:17:44.801720,33.1
C0160,2025-05-23 13:17:44.801725,243.03
C0096,2025-03-07 13:17:44.801730,107.13
C0123,2025-01-26 13:17:44.801736,72.79
C0039,2025-06-09 13:17:44.801741,170.22
C0046,2025-05-17 13:17:44.801746,4.07
C0029,2024-12-01 13:17:44.801752,23.77
C0190,2025-01-31 13:17:44.801757,50.04
C0062,2024-06-15 13:17:44.801764,20.6
C0185,2025-02-21 13:17:44.801769,108.98
C0016,2025-05-14 13:17:44.801775,201.27
C0184,2025-04-08 13:17:44.801780,44.1
C0121,2025-03-22 13:17:44.801785,33.5
C0010,2025-06-20 13:17:44.801790,260.67
C0158,2025-04-18 13:17:44.801793,47.08
C0153,2025-03-08 13:17:44.801796,53.72
C0103,2025-06-11 13:17:44.801799,34.67
C0084,2025-02-11 13:17:44.801802,192.24
C0133,2025-04-10 13:17:44.801805,67.32
C0065,2024-09-27 13:17:44.801809,114.9
C0177,2025-06-24 13:17:44.801812,133.62
C0003,2025-05-31 13:17:44.801815,33.47
C0173,2025-04-06 13:17:44.801818,45.49
C0142,2025-05-27 13:17:44.801821,150.96
C0120,2025-03-07 13:17:44.801824,36.11
C0158,2025-02-19 13:17:44.801827,126.37
C0068,2025-06-18 13:17:44.801830,226.41
C0146,2025-04-24 13:17:44.801833,78.09
C0190,2025-04-25 13:17:44.801838,108.27
C0037,2025-05-17 13:17:44.801843,130.82
C0153,2024-10-27 13:17:44.801849,149.17
C0176,2025-01-20 13:17:44.801854,40.21
C0193,2025-03-12 13:17:44.801859,4.21
C0181,2025-03-07 13:17:44.801865,41.12
C0073,2025-05-03 13:17:44.801870,89.61
C0143,2024-11-11 13:17:44.801875,47.88
C0049,2025-03-13 13:17:44.801881,110.57
C0121,2025-03-02 13:17:44.801886,35.33
C0088,2024-12-31 13:17:44.801910,80.57
C0196,2025-05-30 13:17:44.801913,16.5
C0140,2025-01-30 13:17:44.801917,110.7
C0187,2025-06-08 13:17:44.801920,63.12
C0037,2025-05-20 13:17:44.801925,18.26
C0061,2025-05-22 13:17:44.801930,27.61
C0171,2024-07-17 13:17:44.801934,110.46
C0124,2025-01-04 13:17:44.801940,52.72
C0198,2025-03-11 13:17:44.801946,19.47
C0039,2025-03-03 13:17:44.801951,273.56
C0184,2025-04-14 13:17:44.801956,100.46
C0063,2024-10-06 13:17:44.801961,251.98
C0046,2025-04-27 13:17:44.801965,44.56
C0088,2025-05-15 13:17:44.801971,51.56
C0011,2025-06-11 13:17:44.801976,182.59
C0062,2025-02-09 13:17:44.801981,59.56
C0077,2025-02-28 13:17:44.801986,98.28
C0153,2025-05-15 13:17:44.801991,23.25
C0199,2025-06-25 13:17:44.801997,47.35
C0052,2025-01-14 13:17:44.802003,10.54
C0004,2025-06-26 13:17:44.802006,18.45
C0059,2025-03-10 13:17:44.802010,1.0
C0072,2024-08-15 13:17:44.802013,3.2
C0148,2025-05-07 13:17:44.802016,302.77
C0093,2025-06-03 13:17:44.802019,22.2
C0063,2025-03-10 13:17:44.802022,87.09
C0054,2025-01-26 13:17:44.802026,146.16
C0117,2025-04-17 13:17:44.802029,64.0
C0110,2024-08-24 13:17:44.802032,13.3
C0074,2025-06-23 13:17:44.802036,104.19
C0107,2025-04-25 13:17:44.802041,73.35
C0057,2025-03-05 13:17:44.802046,105.12
C0169,2024-12-31 13:17:44.802052,117.49
C0003,2025-06-10 13:17:44.802057,296.43
C0120,2025-02-03 13:17:44.802063,68.18
C0006,2025-04-16 13:17:44.802068,33.44
C0005,2025-05-13 13:17:44.802073,83.64
C0005,2025-06-15 13:17:44.802077,5.67
C0054,2024-12-29 13:17:44.802082,182.15
C0047,2025-06-12 13:17:44.802087,10.17
C0177,2025-05-25 13:17:44.802093,31.78
C0009,2025-05-28 13:17:44.802098,135.31
C0099,2024-12-25 13:17:44.802102,72.77
C0020,2025-03-19 13:17:44.802105,40.02
C0122,2025-02-04 13:17:44.802109,51.31
C0061,2025-06-02 13:17:44.802112,154.23
C0123,2025-03-31 13:17:44.802115,33.24
C0163,2025-04-12 13:17:44.802119,163.0
C0178,2025-01-18 13:17:44.802122,7.38
C0082,2024-11-27 13:17:44.802125,119.97
C0062,2025-06-26 13:17:44.802129,150.47
C0145,2025-03-19 13:17:44.802132,16.05
C0003,2025-06-23 13:17:44.802135,45.02
C0160,2025-04-17 13:17:44.802140,14.47
C0013,2025-05-28 13:17:44.802146,98.1
C0120,2025-05-26 13:17:44.802151,61.32
C0125,2025-05-19 13:17:44.802156,80.7
C0089,2025-04-01 13:17:44.802161,17.5
C0073,2025-05-22 13:17:44.802166,19.03
C0068,2025-03-01 13:17:44.802171,3.39
C0142,2025-05-12 13:17:44.802177,31.1
C0101,2025-06-21 13:17:44.802182,65.63
C0098,2025-02-10 13:17:44.802186,156.12
C0011,2025-05-28 13:17:44.802192,87.95
C0105,2025-05-07 13:17:44.802197,45.73
C0184,2025-03-15 13:17:44.802202,244.81
C0067,2025-05-22 13:17:44.802207,101.62
C0123,2025-06-22 13:17:44.802210,212.93
C0029,2025-05-16 13:17:44.802213,59.99
C0137,2024-10-10 13:17:44.802217,23.97
C0195,2025-03-27 13:17:44.802220,4.34
C0153,2025-03-19 13:17:44.802222,103.59
C0076,2025-03-29 13:17:44.802226,10.35
C0170,2025-06-08 13:17:44.802229,28.85
C0009,2025-05-10 13:17:44.802232,60.82
C0040,2025-02-22 13:17:44.802235,66.49
C0025,2025-06-18 13:17:44.802238,73.42
C0005,2025-05-29 13:17:44.802242,14.55
C0139,2025-05-29 13:17:44.802245,38.21
C0187,2025-05-08 13:17:44.802248,76.82
C0124,2024-07-09 13:17:44.802251,280.04
C0038,2025-06-21 13:17:44.802254,104.05
C0072,2025-04-23 13:17:44.802258,204.71
C0133,2025-06-10 13:17:44.802261,114.91
C0176,2024-08-14 13:17:44.802264,71.66
C0090,2025-06-17 13:17:44.802267,17.06
C0146,2025-05-12 13:17:44.802270,87.89
C0198,2025-02-27 13:17:44.802273,78.12
C0037,2025-03-10 13:17:44.802277,73.8
C0060,2025-05-09 13:17:44.802280,53.83
C0176,2025-05-20 13:17:44.802283,60.17
C0028,2025-05-13 13:17:44.802286,32.57
C0197,2025-05-31 13:17:44.802289,58.6
C0081,2025-06-07 13:17:44.802292,17.61
C0114,2025-04-29 13:17:44.802295,130.85
C0040,2025-05-30 13:17:44.802298,16.44
C0045,2025-05-28 13:17:44.802301,7.1
C0062,2025-03-23 13:17:44.802305,45.85
C0093,2024-08-20 13:17:44.802308,85.91
C0115,2025-04-05 13:17:44.802311,46.06
C0186,2025-06-20 13:17:44.802314,25.92
C0067,2025-06-20 13:17:44.802317,65.35
C0056,2024-09-28 13:17:44.802320,34.09
C0040,2025-05-27 13:17:44.802323,216.09
C0098,2025-06-19 13:17:44.802326,204.75
C0040,2025-04-06 13:17:44.802330,55.83
C0091,2025-04-01 13:17:44.802333,31.79
C0033,2025-03-25 13:17:44.802336,106.89
C0006,2025-05-30 13:17:44.802339,2.99
C0147,2025-06-26 13:17:44.802342,51.51
C0080,2024-08-30 13:17:44.802345,32.8
C0168,2025-06-02 13:17:44.802348,202.6
C0092,2025-03-18 13:17:44.802351,1.0
C0097,2025-03-09 13:17:44.802355,64.38
C0059,2025-04-04 13:17:44.802360,107.97
C0059,2025-05-25 13:17:44.802366,53.09
C0048,2025-05-30 13:17:44.802371,7.14
C0169,2025-04-07 13:17:44.802376,287.37
C0013,2024-12-29 13:17:44.802385,58.39
C0107,2024-10-07 13:17:44.802391,76.19
C0045,2025-06-17 13:17:44.802396,21.6
C0089,2025-06-12 13:17:44.802401,52.85
C0181,2024-10-10 13:17:44.802436,44.85
C0170,2025-02-27 13:17:44.802441,6.23
C0100,2024-12-16 13:17:44.802444,8.98
C0191,2025-06-07 13:17:44.802447,145.35
C0155,2025-04-09 13:17:44.802450,21.94
C0166,2025-03-11 13:17:44.802454,17.35
C0188,2025-03-17 13:17:44.802457,56.24
C0007,2025-05-11 13:17:44.802460,117.14
C0133,2025-06-26 13:17:44.802463,5.12
C0045,2025-04-10 13:17:44.802466,68.79
C0058,2025-06-01 13:17:44.802470,10.15
C0031,2025-05-05 13:17:44.802473,2.97
C0023,2024-09-16 13:17:44.802476,4.33
C0170,2025-05-13 13:17:44.802479,143.74
C0138,2025-01-14 13:17:44.802482,10.04
C0160,2025-06-09 13:17:44.802485,3.7
C0107,2025-03-19 13:17:44.802489,46.09
C0181,2024-07-23 13:17:44.802492,148.63
C0158,2025-06-18 13:17:44.802495,24.35
C0039,2025-06-27 13:17:44.802498,43.81
C0159,2025-05-07 13:17:44.802502,3.26
C0082,2025-06-19 13:17:44.802505,47.69
C0100,2025-02-23 13:17:44.802508,68.95
C0002,2024-11-18 13:17:44.802511,67.69
C0077,2025-05-07 13:17:44.802515,32.33
C0012,2025-06-01 13:17:44.802518,30.33
C0039,2025-05-07 13:17:44.802521,9.02
C0194,2025-03-04 13:17:44.802524,36.56
C0013,2025-06-27 13:17:44.802527,8.38
C0046,2025-04-08 13:17:44.802530,116.4
C0155,2025-04-03 13:17:44.802534,271.16
C0113,2025-03-28 13:17:44.802537,280.72
C0017,2025-06-03 13:17:44.802540,160.24
C0104,2025-03-07 13:17:44.802543,73.46
C0098,2025-06-19 13:17:44.802547,96.55
C0188,2025-06-07 13:17:44.802550,26.86
C0192,2024-12-21 13:17:44.802552,79.71
C0088,2025-02-27 13:17:44.802556,48.65
C0109,2025-06-26 13:17:44.802573,52.63
C0163,2025-06-02 13:17:44.802579,113.43
C0070,2025-06-06 13:17:44.802584,26.49
C0158,2025-05-30 13:17:44.802590,30.62
C0199,2025-06-02 13:17:44.802596,206.84
C0074,2025-06-22 13:17:44.802602,4.63
C0063,2025-05-03 13:17:44.802607,53.19
C0156,2025-03-01 13:17:44.802612,195.16
C0060,2025-04-05 13:17:44.802617,75.4
C0079,2025-03-19 13:17:44.802622,63.24
C0037,2025-06-20 13:17:44.802628,22.99
C0022,2024-09-28 13:17:44.802633,33.64
C0196,2025-01-14 13:17:44.802638,152.87
C0148,2025-01-31 13:17:44.802644,65.54
C0096,2025-01-23 13:17:44.802648,57.85
C0068,2024-10-28 13:17:44.802654,8.39
C0192,2025-04-18 13:17:44.802659,1.29
C0017,2025-06-07 13:17:44.802664,265.24
C0012,2025-04-02 13:17:44.802669,37.85
C0150,2025-02-25 13:17:44.802674,73.95
C0145,2025-02-27 13:17:44.802679,6.65
C0138,2025-04-22 13:17:44.802684,91.94
C0118,2025-06-21 13:17:44.802690,215.73
C0193,2025-05-17 13:17:44.802696,68.58
C0022,2024-11-11 13:17:44.802701,10.78
C0120,2025-04-09 13:17:44.802706,69.73
C0050,2025-04-19 13:17:44.802711,116.31
C0014,2025-05-30 13:17:44.802716,41.73
C0192,2025-05-17 13:17:44.802721,169.51
C0175,2024-12-06 13:17:44.802725,83.69
C0029,2025-03-21 13:17:44.802731,183.61
C0164,2025-02-08 13:17:44.802735,78.15
C0180,2025-05-04 13:17:44.802741,11.26
C0125,2025-03-30 13:17:44.802746,29.65
C0007,2025-06-02 13:17:44.802750,18.03
C0029,2025-03-09 13:17:44.802755,191.6
C0139,2025-05-08 13:17:44.802761,114.3
C0033,2025-05-06 13:17:44.802766,90.26
C0134,2025-03-25 13:17:44.802772,28.64
C0111,2024-10-23 13:17:44.802777,16.27
C0079,2025-06-22 13:17:44.802784,112.99
C0160,2025-01-22 13:17:44.802789,51.42
C0179,2025-05-27 13:17:44.802794,20.47
C0058,2025-05-06 13:17:44.802800,76.7
C0026,2025-06-26 13:17:44.802804,3.29
C0174,2025-05-26 13:17:44.802807,31.58
C0029,2025-04-26 13:17:44.802810,50.57
C0004,2025-06-22 13:17:44.802814,12.81
C0099,2025-04-28 13:17:44.802817,334.15
C0141,2024-11-04 13:17:44.802828,18.77
C0039,2025-06-17 13:17:44.802831,11.17
C0015,2025-02-17 13:17:44.802834,18.21
C0119,2025-05-11 13:17:44.802838,117.25
C0029,2025-03-24 13:17:44.802841,44.34
C0157,2025-05-31 13:17:44.802844,66.67
C0075,2025-06-12 13:17:44.802847,1.7
C0116,2025-06-12 13:17:44.802850,2.8
C0032,2025-06-21 13:17:44.802854,47.22
C0130,2025-06-09 13:17:44.802857,135.71
C0175,2025-03-21 13:17:44.802860,173.19
C0084,2024-12-17 13:17:44.802864,7.26
C0022,2025-01-27 13:17:44.802867,61.84
C0027,2025-03-15 13:17:44.802870,195.56
C0195,2025-06-17 13:17:44.802874,39.28
C0081,2025-05-28 13:17:44.802877,141.55
C0126,2025-05-25 13:17:44.802880,11.48
C0184,2025-06-02 13:17:44.802883,219.16
C0092,2025-04-23 13:17:44.802886,111.36
C0021,2025-04-19 13:17:44.802889,226.87
C0047,2025-05-19 13:17:44.802892,90.31
C0101,2025-05-19 13:17:44.802896,36.13
C0187,2025-01-20 13:17:44.802899,222.68
C0084,2025-02-07 13:17:44.802902,25.79
C0006,2025-05-25 13:17:44.802905,32.3
C0147,2024-11-19 13:17:44.802908,96.53
C0185,2024-09-26 13:17:44.802912,115.96
C0197,2025-05-23 13:17:44.802915,212.06
C0131,2025-05-19 13:17:44.802918,18.33
C0001,2025-04-25 13:17:44.802921,127.96
C0058,2024-10-16 13:17:44.802924,107.32
C0124,2024-12-21 13:17:44.802928,5.27
C0166,2025-06-18 13:17:44.802931,39.18
C0015,2025-05-14 13:17:44.802934,26.59
C0162,2025-04-16 13:17:44.802937,29.05
C0189,2025-04-26 13:17:44.802940,325.71
C0163,2025-06-08 13:17:44.802945,82.35
C0064,2025-01-02 13:17:44.802950,101.18
C0025,2025-03-18 13:17:44.802955,300.46
C0024,2025-01-15 13:17:44.802960,37.88
C0012,2025-01-02 13:17:44.802965,129.49
C0018,2025-02-23 13:17:44.802971,45.61
C0015,2025-05-06 13:17:44.802974,162.93
C0027,2025-04-04 13:17:44.802977,15.94
C0072,2025-06-12 13:17:44.802981,236.04
C0060,2025-03-19 13:17:44.802984,19.75
C0174,2025-06-10 13:17:44.802987,31.59
C0145,2025-03-13 13:17:44.802990,112.91
C0093,2025-06-04 13:17:44.802993,40.04
C0053,2025-06-16 13:17:44.802996,74.96
C0008,2025-06-11 13:17:44.802999,47.04
C0079,2025-06-27 13:17:44.803003,108.5
C0027,2025-03-05 13:17:44.803006,20.74
C0174,2025-03-01 13:17:44.803009,4.82
C0050,2025-04-23 13:17:44.803012,28.53
C0199,2025-06-12 13:17:44.803016,51.44
C0131,2025-06-20 13:17:44.803019,14.72
C0093,2025-06-26 13:17:44.803022,35.06
C0192,2025-06-11 13:17:44.803025,40.86
C0172,2024-12-10 13:17:44.803028,4.73
C0181,2025-06-03 13:17:44.803031,70.03
C0024,2025-05-19 13:17:44.803035,172.57
C0060,2025-06-17 13:17:44.803038,13.17
C0122,2025-06-05 13:17:44.803041,72.87
C0131,2025-04-23 13:17:44.803048,87.43
C0148,2025-04-04 13:17:44.803051,43.49
C0046,2025-06-02 13:17:44.803055,96.61
C0015,2025-06-22 13:17:44.803058,42.31
C0153,2025-05-14 13:17:44.803061,56.2
C0199,2025-06-03 13:17:44.803065,1.0
C0017,2025-06-05 13:17:44.803068,94.14
C0126,2024-09-11 13:17:44.803071,86.62
C0084,2025-04-02 13:17:44.803074,3.13
C0009,2025-04-15 13:17:44.803077,36.74
C0166,2025-05-10 13:17:44.803081,309.18
C0176,2025-05-08 13:17:44.803083,43.68
C0188,2025-04-18 13:17:44.803087,55.76
C0063,2025-03-12 13:17:44.803090,192.57
C0117,2025-03-10 13:17:44.803095,101.06
C0130,2025-06-11 13:17:44.803101,69.8
C0088,2025-04-26 13:17:44.803106,127.88
C0072,2025-05-11 13:17:44.803111,159.82
C0139,2024-12-26 13:17:44.803115,48.84
C0064,2025-03-30 13:17:44.803118,51.57
C0072,2025-04-20 13:17:44.803121,39.03
C0021,2025-06-16 13:17:44.803129,272.19
C0018,2025-04-05 13:17:44.803133,95.57
C0064,2025-06-16 13:17:44.803135,6.95
C0082,2025-05-21 13:17:44.803139,159.0
C0110,2025-06-14 13:17:44.803142,52.4
C0095,2025-03-13 13:17:44.803145,5.7
C0166,2025-06-07 13:17:44.803148,63.83
C0032,2025-05-14 13:17:44.803151,43.19
C0011,2024-12-06 13:17:44.803155,168.13
C0045,2025-06-07 13:17:44.803159,18.25
C0033,2025-04-25 13:17:44.803165,140.11
C0102,2025-05-10 13:17:44.803170,65.26
C0169,2025-06-26 13:17:44.803175,4.49
C0136,2025-02-06 13:17:44.803179,285.6
C0011,2025-06-21 13:17:44.803182,57.5
C0179,2025-05-01 13:17:44.803187,27.5
C0088,2025-04-14 13:17:44.803190,50.7
C0041,2025-03-30 13:17:44.803193,156.07
C0145,2025-03-14 13:17:44.803196,29.1
C0076,2025-06-01 13:17:44.803200,17.12
C0121,2025-06-27 13:17:44.803203,11.06
C0046,2025-03-04 13:17:44.803206,28.29
C0160,2025-04-19 13:17:44.803209,121.15
C0080,2025-01-16 13:17:44.803212,51.04
C0054,2025-01-23 13:17:44.803217,20.65
C0086,2025-01-12 13:17:44.803221,14.54
C0092,2025-04-29 13:17:44.803224,32.36
C0148,2025-05-22 13:17:44.803227,224.97
C0161,2025-02-06 13:17:44.803230,33.61
C0168,2025-05-04 13:17:44.803233,354.66
C0160,2025-06-09 13:17:44.803236,53.12
C0097,2025-01-05 13:17:44.803239,15.79
C0002,2024-12-17 13:17:44.803242,177.42
C0033,2025-05-02 13:17:44.803245,49.35
C0158,2025-06-20 13:17:44.803248,98.94
C0161,2025-05-14 13:17:44.803252,329.38
C0077,2025-02-01 13:17:44.803256,4.12
C0116,2024-12-01 13:17:44.803261,8.14
C0154,2025-06-07 13:17:44.803266,101.97
